[{ "key": "Eccl.1.1", "text": "ダビデの子、エルサレムの王である伝道者の言葉。" }, { "key": "Eccl.1.10", "text": "「見よ、これは新しいものだ」と言われるものがあるか、それはわれわれの前にあった世々に、すでにあったものである。" }, { "key": "Eccl.1.11", "text": "前の者のことは覚えられることがない、また、きたるべき後の者のことも、後に起る者はこれを覚えることがない。" }, { "key": "Eccl.1.12", "text": "伝道者であるわたしはエルサレムで、イスラエルの王であった。" }, { "key": "Eccl.1.13", "text": "わたしは心をつくし、知恵を用いて、天が下に行われるすべてのことを尋ね、また調べた。これは神が、人の子らに与えて、ほねおらせられる苦しい仕事である。" }, { "key": "Eccl.1.14", "text": "わたしは日の下で人が行うすべてのわざを見たが、みな空であって風を捕えるようである。" }, { "key": "Eccl.1.15", "text": "曲ったものは、まっすぐにすることができない、欠けたものは数えることができない。" }, { "key": "Eccl.1.16", "text": "わたしは心の中に語って言った、「わたしは、わたしより先にエルサレムを治めたすべての者にまさって、多くの知恵を得た。わたしの心は知恵と知識を多く得た」。" }, { "key": "Eccl.1.17", "text": "わたしは心をつくして知恵を知り、また狂気と愚痴とを知ろうとしたが、これもまた風を捕えるようなものであると悟った。" }, { "key": "Eccl.1.18", "text": "それは知恵が多ければ悩みが多く、知識を増す者は憂いを増すからである。" }, { "key": "Eccl.1.2", "text": "伝道者は言う、空の空、空の空、いっさいは空である。" }, { "key": "Eccl.1.3", "text": "日の下で人が労するすべての労苦は、その身になんの益があるか。" }, { "key": "Eccl.1.4", "text": "世は去り、世はきたる。しかし地は永遠に変らない。" }, { "key": "Eccl.1.5", "text": "日はいで、日は没し、その出た所に急ぎ行く。" }, { "key": "Eccl.1.6", "text": "風は南に吹き、また転じて、北に向かい、めぐりにめぐって、またそのめぐる所に帰る。" }, { "key": "Eccl.1.7", "text": "川はみな、海に流れ入る、しかし海は満ちることがない。川はその出てきた所にまた帰って行く。" }, { "key": "Eccl.1.8", "text": "すべての事は人をうみ疲れさせる、人はこれを言いつくすことができない。目は見ることに飽きることがなく、耳は聞くことに満足することがない。" }, { "key": "Eccl.1.9", "text": "先にあったことは、また後にもある、先になされた事は、また後にもなされる。日の下には新しいものはない。" }, { "key": "Eccl.10.1", "text": "死んだはえは、香料を造る者のあぶらを臭くし、少しの愚痴は知恵と誉よりも重い。" }, { "key": "Eccl.10.10", "text": "鉄が鈍くなったとき、人がその刃をみがかなければ、力を多くこれに用いねばならない。しかし、知恵は人を助けてなし遂げさせる。" }, { "key": "Eccl.10.11", "text": "へびがもし呪文をかけられる前に、かみつけば、へび使は益がない。" }, { "key": "Eccl.10.12", "text": "知者の口の言葉は恵みがある、しかし愚者のくちびるはその身を滅ぼす。" }, { "key": "Eccl.10.13", "text": "愚者の口の言葉の初めは愚痴である、またその言葉の終りは悪い狂気である。" }, { "key": "Eccl.10.14", "text": "愚者は言葉を多くする、しかし人はだれも後に起ることを知らない。だれがその身の後に起る事を告げることができようか。" }, { "key": "Eccl.10.15", "text": "愚者の労苦はその身を疲れさせる、彼は町にはいる道をさえ知らない。" }, { "key": "Eccl.10.16", "text": "あなたの王はわらべであって、その君たちが朝から、ごちそうを食べる国よ、あなたはわざわいだ。" }, { "key": "Eccl.10.17", "text": "あなたの王は自主の子であって、その君たちが酔うためでなく、力を得るために、適当な時にごちそうを食べる国よ、あなたはさいわいだ。" }, { "key": "Eccl.10.18", "text": "怠惰によって屋根は落ち、無精によって家は漏る。" }, { "key": "Eccl.10.19", "text": "食事は笑いのためになされ、酒は命を楽しませる。金銭はすべての事に応じる。" }, { "key": "Eccl.10.2", "text": "知者の心は彼を右に向けさせ、愚者の心は左に向けさせる。" }, { "key": "Eccl.10.20", "text": "あなたは心のうちでも王をのろってはならない、また寝室でも富める者をのろってはならない。空の鳥はあなたの声を伝え、翼のあるものは事を告げるからである。" }, { "key": "Eccl.10.3", "text": "愚者は道を行く時、思慮が足りない、自分の愚かなことをすべての人に告げる。" }, { "key": "Eccl.10.4", "text": "つかさたる者があなたに向かって立腹しても、あなたの所を離れてはならない。温順は大いなるとがを和らげるからである。" }, { "key": "Eccl.10.5", "text": "わたしは日の下に一つの悪のあるのを見た。それはつかさたる者から出るあやまちに似ている。" }, { "key": "Eccl.10.6", "text": "すなわち愚かなる者が高い地位に置かれ、富める者が卑しい所に座している。" }, { "key": "Eccl.10.7", "text": "わたしはしもべたる者が馬に乗り、君たる者が奴隷のように徒歩であるくのを見た。" }, { "key": "Eccl.10.8", "text": "穴を掘る者はみずからこれに陥り、石がきをこわす者は、へびにかまれる。" }, { "key": "Eccl.10.9", "text": "石を切り出す者はそれがために傷をうけ、木を割る者はそれがために危険にさらされる。" }, { "key": "Eccl.11.1", "text": "あなたのパンを水の上に投げよ、多くの日の後、あなたはそれを得るからである。" }, { "key": "Eccl.11.10", "text": "あなたの心から悩みを去り、あなたのからだから痛みを除け。若い時と盛んな時はともに空だからである。" }, { "key": "Eccl.11.2", "text": "あなたは一つの分を七つまた八つに分けよ、あなたは、どんな災が地に起るかを知らないからだ。" }, { "key": "Eccl.11.3", "text": "雲がもし雨で満ちるならば、地にそれを注ぐ、また木がもし南か北に倒れるならば、その木は倒れた所に横たわる。" }, { "key": "Eccl.11.4", "text": "風を警戒する者は種をまかない、雲を観測する者は刈ることをしない。" }, { "key": "Eccl.11.5", "text": "あなたは、身ごもった女の胎の中で、どうして霊が骨にはいるかを知らない。そのようにあなたは、すべての事をなされる神のわざを知らない。" }, { "key": "Eccl.11.6", "text": "朝のうちに種をまけ、夕まで手を休めてはならない。実るのは、これであるか、あれであるか、あるいは二つともに良いのであるか、あなたは知らないからである。" }, { "key": "Eccl.11.7", "text": "光は快いものである。目に太陽を見るのは楽しいことである。" }, { "key": "Eccl.11.8", "text": "人が多くの年、生きながらえ、そのすべてにおいて自分を楽しませても、暗い日の多くあるべきことを忘れてはならない。すべて、きたらんとする事は皆空である。" }, { "key": "Eccl.11.9", "text": "若い者よ、あなたの若い時に楽しめ。あなたの若い日にあなたの心を喜ばせよ。あなたの心の道に歩み、あなたの目の見るところに歩め。ただし、そのすべての事のために、神はあなたをさばかれることを知れ。" }, { "key": "Eccl.12.1", "text": "あなたの若い日に、あなたの造り主を覚えよ。悪しき日がきたり、年が寄って、「わたしにはなんの楽しみもない」と言うようにならない前に、" }, { "key": "Eccl.12.10", "text": "伝道者は麗しい言葉を得ようとつとめた。また彼は真実の言葉を正しく書きしるした。" }, { "key": "Eccl.12.11", "text": "知者の言葉は突き棒のようであり、またよく打った釘のようなものであって、ひとりの牧者から出た言葉が集められたものである。" }, { "key": "Eccl.12.12", "text": "わが子よ、これら以外の事にも心を用いよ。多くの書を作れば際限がない。多く学べばからだが疲れる。" }, { "key": "Eccl.12.13", "text": "事の帰する所は、すべて言われた。すなわち、神を恐れ、その命令を守れ。これはすべての人の本分である。" }, { "key": "Eccl.12.14", "text": "神はすべてのわざ、ならびにすべての隠れた事を善悪ともにさばかれるからである。" }, { "key": "Eccl.12.2", "text": "また日や光や、月や星の暗くならない前に、雨の後にまた雲が帰らないうちに、そのようにせよ。" }, { "key": "Eccl.12.3", "text": "その日になると、家を守る者は震え、力ある人はかがみ、ひきこなす女は少ないために休み、窓からのぞく者の目はかすみ、" }, { "key": "Eccl.12.4", "text": "町の門は閉ざされる。その時ひきこなす音は低くなり、人は鳥の声によって起きあがり、歌の娘たちは皆、低くされる。" }, { "key": "Eccl.12.5", "text": "彼らはまた高いものを恐れる。恐ろしいものが道にあり、あめんどうは花咲き、いなごはその身をひきずり歩き、その欲望は衰え、人が永遠の家に行こうとするので、泣く人が、ちまたを歩きまわる。" }, { "key": "Eccl.12.6", "text": "その後、銀のひもは切れ、金の皿は砕け、水がめは泉のかたわらで破れ、車は井戸のかたわらで砕ける。" }, { "key": "Eccl.12.7", "text": "ちりは、もとのように土に帰り、霊はこれを授けた神に帰る。" }, { "key": "Eccl.12.8", "text": "伝道者は言う、「空の空、いっさいは空である」と。" }, { "key": "Eccl.12.9", "text": "さらに伝道者は知恵があるゆえに、知識を民に教えた。彼はよく考え、尋ねきわめ、あまたの箴言をまとめた。" }, { "key": "Eccl.2.1", "text": "わたしは自分の心に言った、「さあ、快楽をもって、おまえを試みよう。おまえは愉快に過ごすがよい」と。しかし、これもまた空であった。" }, { "key": "Eccl.2.10", "text": "なんでもわたしの目の好むものは遠慮せず、わたしの心の喜ぶものは拒まなかった。わたしの心がわたしのすべての労苦によって、快楽を得たからである。そしてこれはわたしのすべての労苦によって得た報いであった。" }, { "key": "Eccl.2.11", "text": "そこで、わたしはわが手のなしたすべての事、およびそれをなすに要した労苦を顧みたとき、見よ、皆、空であって、風を捕えるようなものであった。日の下には益となるものはないのである。" }, { "key": "Eccl.2.12", "text": "わたしはまた、身をめぐらして、知恵と、狂気と、愚痴とを見た。そもそも、王の後に来る人は何をなし得ようか。すでに彼がなした事にすぎないのだ。" }, { "key": "Eccl.2.13", "text": "光が暗きにまさるように、知恵が愚痴にまさるのを、わたしは見た。" }, { "key": "Eccl.2.14", "text": "知者の目は、その頭にある。しかし愚者は暗やみを歩む。けれどもわたしはなお同一の運命が彼らのすべてに臨むことを知っている。" }, { "key": "Eccl.2.15", "text": "わたしは心に言った、「愚者に臨む事はわたしにも臨むのだ。それでどうしてわたしは賢いことがあろう」。わたしはまた心に言った、「これもまた空である」と。" }, { "key": "Eccl.2.16", "text": "そもそも、知者も愚者も同様に長く覚えられるものではない。きたるべき日には皆忘れられてしまうのである。知者が愚者と同じように死ぬのは、どうしたことであろう。" }, { "key": "Eccl.2.17", "text": "そこで、わたしは生きることをいとった。日の下に行われるわざは、わたしに悪しく見えたからである。皆空であって、風を捕えるようである。" }, { "key": "Eccl.2.18", "text": "わたしは日の下で労したすべての労苦を憎んだ。わたしの後に来る人にこれを残さなければならないからである。" }, { "key": "Eccl.2.19", "text": "そして、その人が知者であるか、または愚者であるかは、だれが知り得よう。そうであるのに、その人が、日の下でわたしが労し、かつ知恵を働かしてなしたすべての労苦をつかさどることになるのだ。これもまた空である。" }, { "key": "Eccl.2.2", "text": "わたしは笑いについて言った、「これは狂気である」と。また快楽について言った、「これは何をするのか」と。" }, { "key": "Eccl.2.20", "text": "それでわたしはふり返ってみて、日の下でわたしが労したすべての労苦について、望みを失った。" }, { "key": "Eccl.2.21", "text": "今ここに人があって、知恵と知識と才能をもって労しても、これがために労しない人に、すべてを残して、その所有とさせなければならないのだ。これもまた空であって、大いに悪い。" }, { "key": "Eccl.2.22", "text": "そもそも、人は日の下で労するすべての労苦と、その心づかいによってなんの得るところがあるか。" }, { "key": "Eccl.2.23", "text": "そのすべての日はただ憂いのみであって、そのわざは苦しく、その心は夜の間も休まることがない。これもまた空である。" }, { "key": "Eccl.2.24", "text": "人は食い飲みし、その労苦によって得たもので心を楽しませるより良い事はない。これもまた神の手から出ることを、わたしは見た。" }, { "key": "Eccl.2.25", "text": "だれが神を離れて、食い、かつ楽しむことのできる者があろう。" }, { "key": "Eccl.2.26", "text": "神は、その心にかなう人に、知恵と知識と喜びとをくださる。しかし罪びとには仕事を与えて集めることと、積むことをさせられる。これは神の心にかなう者にそれを賜わるためである。これもまた空であって、風を捕えるようである。" }, { "key": "Eccl.2.3", "text": "わたしの心は知恵をもってわたしを導いているが、わたしは酒をもって自分の肉体を元気づけようと試みた。また、人の子は天が下でその短い一生の間、どんな事をしたら良いかを、見きわめるまでは、愚かな事をしようと試みた。" }, { "key": "Eccl.2.4", "text": "わたしは大きな事業をした。わたしは自分のために家を建て、ぶどう畑を設け、" }, { "key": "Eccl.2.5", "text": "園と庭をつくり、またすべて実のなる木をそこに植え、" }, { "key": "Eccl.2.6", "text": "池をつくって、木のおい茂る林に、そこから水を注がせた。" }, { "key": "Eccl.2.7", "text": "わたしは男女の奴隷を買った。またわたしの家で生れた奴隷を持っていた。わたしはまた、わたしより先にエルサレムにいただれよりも多くの牛や羊の財産を持っていた。" }, { "key": "Eccl.2.8", "text": "わたしはまた銀と金を集め、王たちと国々の財宝を集めた。またわたしは歌うたう男、歌うたう女を得た。また人の子の楽しみとするそばめを多く得た。" }, { "key": "Eccl.2.9", "text": "こうして、わたしは大いなる者となり、わたしより先にエルサレムにいたすべての者よりも、大いなる者となった。わたしの知恵もまた、わたしを離れなかった。" }, { "key": "Eccl.3.1", "text": "天が下のすべての事には季節があり、すべてのわざには時がある。" }, { "key": "Eccl.3.10", "text": "わたしは神が人の子らに与えて、ほねおらせられる仕事を見た。" }, { "key": "Eccl.3.11", "text": "神のなされることは皆その時にかなって美しい。神はまた人の心に永遠を思う思いを授けられた。それでもなお、人は神のなされるわざを初めから終りまで見きわめることはできない。" }, { "key": "Eccl.3.12", "text": "わたしは知っている。人にはその生きながらえている間、楽しく愉快に過ごすよりほかに良い事はない。" }, { "key": "Eccl.3.13", "text": "またすべての人が食い飲みし、そのすべての労苦によって楽しみを得ることは神の賜物である。" }, { "key": "Eccl.3.14", "text": "わたしは知っている。すべて神がなさる事は永遠に変ることがなく、これに加えることも、これから取ることもできない。神がこのようにされるのは、人々が神の前に恐れをもつようになるためである。" }, { "key": "Eccl.3.15", "text": "今あるものは、すでにあったものである。後にあるものも、すでにあったものである。神は追いやられたものを尋ね求められる。" }, { "key": "Eccl.3.16", "text": "わたしはまた、日の下を見たが、さばきを行う所にも不正があり、公義を行う所にも不正がある。" }, { "key": "Eccl.3.17", "text": "わたしは心に言った、「神は正しい者と悪い者とをさばかれる。神はすべての事と、すべてのわざに、時を定められたからである」と。" }, { "key": "Eccl.3.18", "text": "わたしはまた、人の子らについて心に言った、「神は彼らをためして、彼らに自分たちが獣にすぎないことを悟らせられるのである」と。" }, { "key": "Eccl.3.19", "text": "人の子らに臨むところは獣にも臨むからである。すなわち一様に彼らに臨み、これの死ぬように、彼も死ぬのである。彼らはみな同様の息をもっている。人は獣にまさるところがない。すべてのものは空だからである。" }, { "key": "Eccl.3.2", "text": "生るるに時があり、死ぬるに時があり、植えるに時があり、植えたものを抜くに時があり、" }, { "key": "Eccl.3.20", "text": "みな一つ所に行く。皆ちりから出て、皆ちりに帰る。" }, { "key": "Eccl.3.21", "text": "だれが知るか、人の子らの霊は上にのぼり、獣の霊は地にくだるかを。" }, { "key": "Eccl.3.22", "text": "それで、わたしは見た、人はその働きによって楽しむにこした事はない。これが彼の分だからである。だれが彼をつれていって、その後の、どうなるかを見させることができようか。" }, { "key": "Eccl.3.3", "text": "殺すに時があり、いやすに時があり、こわすに時があり、建てるに時があり、" }, { "key": "Eccl.3.4", "text": "泣くに時があり、笑うに時があり、悲しむに時があり、踊るに時があり、" }, { "key": "Eccl.3.5", "text": "石を投げるに時があり、石を集めるに時があり、抱くに時があり、抱くことをやめるに時があり、" }, { "key": "Eccl.3.6", "text": "捜すに時があり、失うに時があり、保つに時があり、捨てるに時があり、" }, { "key": "Eccl.3.7", "text": "裂くに時があり、縫うに時があり、黙るに時があり、語るに時があり、" }, { "key": "Eccl.3.8", "text": "愛するに時があり、憎むに時があり、戦うに時があり、和らぐに時がある。" }, { "key": "Eccl.3.9", "text": "働く者はその労することにより、なんの益を得るか。" }, { "key": "Eccl.4.1", "text": "わたしはまた、日の下に行われるすべてのしえたげを見た。見よ、しえたげられる者の涙を。彼らを慰める者はない。しえたげる者の手には権力がある。しかし彼らを慰める者はいない。" }, { "key": "Eccl.4.10", "text": "すなわち彼らが倒れる時には、そのひとりがその友を助け起す。しかしひとりであって、その倒れる時、これを助け起す者のない者はわざわいである。" }, { "key": "Eccl.4.11", "text": "またふたりが一緒に寝れば暖かである。ひとりだけで、どうして暖かになり得ようか。" }, { "key": "Eccl.4.12", "text": "人がもし、そのひとりを攻め撃ったなら、ふたりで、それに当るであろう。三つよりの綱はたやすくは切れない。" }, { "key": "Eccl.4.13", "text": "貧しくて賢いわらべは、老いて愚かで、もはや、いさめをいれることを知らない王にまさる。" }, { "key": "Eccl.4.14", "text": "たとい、その王が獄屋から出て、王位についた者であっても、また自分の国に貧しく生れて王位についた者であっても、そうである。" }, { "key": "Eccl.4.15", "text": "わたしは日の下に歩むすべての民が、かのわらべのように王に代って立つのを見た。" }, { "key": "Eccl.4.16", "text": "すべての民は果てしがない。彼はそのすべての民を導いた。しかし後に来る者は彼を喜ばない。たしかに、これもまた空であって、風を捕えるようである。" }, { "key": "Eccl.4.2", "text": "それで、わたしはなお生きている生存者よりも、すでに死んだ死者を、さいわいな者と思った。" }, { "key": "Eccl.4.3", "text": "しかし、この両者よりもさいわいなのは、まだ生れない者で、日の下に行われる悪しきわざを見ない者である。" }, { "key": "Eccl.4.4", "text": "また、わたしはすべての労苦と、すべての巧みなわざを見たが、これは人が互にねたみあってなすものである。これもまた空であって、風を捕えるようである。" }, { "key": "Eccl.4.5", "text": "愚かなる者は手をつかねて、自分の肉を食う。" }, { "key": "Eccl.4.6", "text": "片手に物を満たして平穏であるのは、両手に物を満たして労苦し、風を捕えるのにまさる。" }, { "key": "Eccl.4.7", "text": "わたしはまた、日の下に空なる事のあるのを見た。" }, { "key": "Eccl.4.8", "text": "ここに人がある。ひとりであって、仲間もなく、子もなく、兄弟もない。それでも彼の労苦は窮まりなく、その目は富に飽くことがない。また彼は言わない、「わたしはだれのために労するのか、どうして自分を楽しませないのか」と。これもまた空であって、苦しいわざである。" }, { "key": "Eccl.4.9", "text": "ふたりはひとりにまさる。彼らはその労苦によって良い報いを得るからである。" }, { "key": "Eccl.5.1", "text": "神の宮に行く時には、その足を慎むがよい。近よって聞くのは愚かな者の犠牲をささげるのにまさる。彼らは悪を行っていることを知らないからである。" }, { "key": "Eccl.5.10", "text": "金銭を好む者は金銭をもって満足しない。富を好む者は富を得て満足しない。これもまた空である。" }, { "key": "Eccl.5.11", "text": "財産が増せば、これを食う者も増す。その持ち主は目にそれを見るだけで、なんの益があるか。" }, { "key": "Eccl.5.12", "text": "働く者は食べることが少なくても多くても、快く眠る。しかし飽き足りるほどの富は、彼に眠ることをゆるさない。" }, { "key": "Eccl.5.13", "text": "わたしは日の下に悲しむべき悪のあるのを見た。すなわち、富はこれをたくわえるその持ち主に害を及ぼすことである。" }, { "key": "Eccl.5.14", "text": "またその富は不幸な出来事によってうせ行くことである。それで、その人が子をもうけても、彼の手には何も残らない。" }, { "key": "Eccl.5.15", "text": "彼は母の胎から出てきたように、すなわち裸で出てきたように帰って行く。彼はその労苦によって得た何物をもその手に携え行くことができない。" }, { "key": "Eccl.5.16", "text": "人は全くその来たように、また去って行かなければならない。これもまた悲しむべき悪である。風のために労する者になんの益があるか。" }, { "key": "Eccl.5.17", "text": "人は一生、暗やみと、悲しみと、多くの悩みと、病と、憤りの中にある。" }, { "key": "Eccl.5.18", "text": "見よ、わたしが見たところの善かつ美なる事は、神から賜わった短い一生の間、食い、飲み、かつ日の下で労するすべての労苦によって、楽しみを得る事である。これがその分だからである。" }, { "key": "Eccl.5.19", "text": "また神はすべての人に富と宝と、それを楽しむ力を与え、またその分を取らせ、その労苦によって楽しみを得させられる。これが神の賜物である。" }, { "key": "Eccl.5.2", "text": "神の前で軽々しく口をひらき、また言葉を出そうと、心にあせってはならない。神は天にいまし、あなたは地におるからである。それゆえ、あなたは言葉を少なくせよ。" }, { "key": "Eccl.5.20", "text": "このような人は自分の生きる日のことを多く思わない。神は喜びをもって彼の心を満たされるからである。" }, { "key": "Eccl.5.3", "text": "夢は仕事の多いことによってきたり、愚かなる者の声は言葉の多いことによって知られる。" }, { "key": "Eccl.5.4", "text": "あなたは神に誓いをなすとき、それを果すことを延ばしてはならない。神は愚かな者を喜ばれないからである。あなたの誓ったことを必ず果せ。" }, { "key": "Eccl.5.5", "text": "あなたが誓いをして、それを果さないよりは、むしろ誓いをしないほうがよい。" }, { "key": "Eccl.5.6", "text": "あなたの口が、あなたに罪を犯させないようにせよ。また使者の前にそれは誤りであったと言ってはならない。どうして、神があなたの言葉を怒り、あなたの手のわざを滅ぼしてよかろうか。" }, { "key": "Eccl.5.7", "text": "夢が多ければ空なる言葉も多い。しかし、あなたは神を恐れよ。" }, { "key": "Eccl.5.8", "text": "あなたは国のうちに貧しい者をしえたげ、公道と正義を曲げることのあるのを見ても、その事を怪しんではならない。それは位の高い人よりも、さらに高い者があって、その人をうかがうからである。そしてそれらよりもなお高い者がある。" }, { "key": "Eccl.5.9", "text": "しかし、要するに耕作した田畑をもつ国には王は利益である。" }, { "key": "Eccl.6.1", "text": "わたしは日の下に一つの悪のあるのを見た。これは人々の上に重い。" }, { "key": "Eccl.6.10", "text": "今あるものは、すでにその名がつけられた。そして人はいかなる者であるかは知られた。それで人は自分よりも力強い者と争うことはできない。" }, { "key": "Eccl.6.11", "text": "言葉が多ければむなしい事も多い。人になんの益があるか。" }, { "key": "Eccl.6.12", "text": "人はその短く、むなしい命の日を影のように送るのに、何が人のために善であるかを知ることができよう。だれがその身の後に、日の下に何があるであろうかを人に告げることができるか。" }, { "key": "Eccl.6.2", "text": "すなわち神は富と、財産と、誉とを人に与えて、その心に慕うものを、一つも欠けることのないようにされる。しかし神は、その人にこれを持つことを許されないで、他人がこれを持つようになる。これは空である。悪しき病である。" }, { "key": "Eccl.6.3", "text": "たとい人は百人の子をもうけ、また命長く、そのよわいの日が多くても、その心が幸福に満足せず、また葬られることがなければ、わたしは言う、流産の子はその人にまさると。" }, { "key": "Eccl.6.4", "text": "これはむなしく来て、暗やみの中に去って行き、その名は暗やみにおおわれる。" }, { "key": "Eccl.6.5", "text": "またこれは日を見ず、物を知らない。けれどもこれは彼よりも安らかである。" }, { "key": "Eccl.6.6", "text": "たとい彼は千年に倍するほど生きても幸福を見ない。みな一つ所に行くのではないか。" }, { "key": "Eccl.6.7", "text": "人の労苦は皆、その口のためである。しかしその食欲は満たされない。" }, { "key": "Eccl.6.8", "text": "賢い者は愚かな者になんのまさるところがあるか。また生ける者の前に歩むことを知る貧しい者もなんのまさるところがあるか。" }, { "key": "Eccl.6.9", "text": "目に見る事は欲望のさまよい歩くにまさる。これもまた空であって、風を捕えるようなものである。" }, { "key": "Eccl.7.1", "text": "良き名は良き油にまさり、死ぬる日は生るる日にまさる。" }, { "key": "Eccl.7.10", "text": "「昔が今よりもよかったのはなぜか」と言うな。あなたがこれを問うのは知恵から出るのではない。" }, { "key": "Eccl.7.11", "text": "知恵に財産が伴うのは良い。それは日を見る者どもに益がある。" }, { "key": "Eccl.7.12", "text": "知恵が身を守るのは、金銭が身を守るようである。しかし、知恵はこれを持つ者に生命を保たせる。これが知識のすぐれた所である。" }, { "key": "Eccl.7.13", "text": "神のみわざを考えみよ。神の曲げられたものを、だれがまっすぐにすることができるか。" }, { "key": "Eccl.7.14", "text": "順境の日には楽しめ、逆境の日には考えよ。神は人に将来どういう事があるかを、知らせないために、彼とこれとを等しく造られたのである。" }, { "key": "Eccl.7.15", "text": "わたしはこのむなしい人生において、もろもろの事を見た。そこには義人がその義によって滅びることがあり、悪人がその悪によって長生きすることがある。" }, { "key": "Eccl.7.16", "text": "あなたは義に過ぎてはならない。また賢きに過ぎてはならない。あなたはどうして自分を滅ぼしてよかろうか。" }, { "key": "Eccl.7.17", "text": "悪に過ぎてはならない。また愚かであってはならない。あなたはどうして、自分の時のこないのに、死んでよかろうか。" }, { "key": "Eccl.7.18", "text": "あなたがこれを執るのはよい、また彼から手を引いてはならない。神をかしこむ者は、このすべてからのがれ出るのである。" }, { "key": "Eccl.7.19", "text": "知恵が知者を強くするのは、十人のつかさが町におるのにまさる。" }, { "key": "Eccl.7.2", "text": "悲しみの家にはいるのは、宴会の家にはいるのにまさる。死はすべての人の終りだからである。生きている者は、これを心にとめる。" }, { "key": "Eccl.7.20", "text": "善を行い、罪を犯さない正しい人は世にいない。" }, { "key": "Eccl.7.21", "text": "人の語るすべての事に心をとめてはならない。これはあなたが、自分のしもべのあなたをのろう言葉を聞かないためである。" }, { "key": "Eccl.7.22", "text": "あなたもまた、しばしば他人をのろったのを自分の心に知っているからである。" }, { "key": "Eccl.7.23", "text": "わたしは知恵をもってこのすべての事を試みて、「わたしは知者となろう」と言ったが、遠く及ばなかった。" }, { "key": "Eccl.7.24", "text": "物事の理は遠く、また、はなはだ深い。だれがこれを見いだすことができよう。" }, { "key": "Eccl.7.25", "text": "わたしは、心を転じて、物を知り、事を探り、知恵と道理を求めようとし、また悪の愚かなこと、愚痴の狂気であることを知ろうとした。" }, { "key": "Eccl.7.26", "text": "わたしは、その心が、わなと網のような女、その手が、かせのような女は、死よりも苦い者であることを見いだした。神を喜ばす者は彼女からのがれる。しかし罪びとは彼女に捕えられる。" }, { "key": "Eccl.7.27", "text": "伝道者は言う、見よ、その数を知ろうとして、いちいち数えて、わたしが得たものはこれである。" }, { "key": "Eccl.7.28", "text": "わたしはなおこれを求めたけれども、得なかった。わたしは千人のうちにひとりの男子を得たけれども、そのすべてのうちに、ひとりの女子をも得なかった。" }, { "key": "Eccl.7.29", "text": "見よ、わたしが得た事は、ただこれだけである。すなわち、神は人を正しい者に造られたけれども、人は多くの計略を考え出した事である。" }, { "key": "Eccl.7.3", "text": "悲しみは笑いにまさる。顔に憂いをもつことによって、心は良くなるからである。" }, { "key": "Eccl.7.4", "text": "賢い者の心は悲しみの家にあり、愚かな者の心は楽しみの家にある。" }, { "key": "Eccl.7.5", "text": "賢い者の戒めを聞くのは、愚かな者の歌を聞くのにまさる。" }, { "key": "Eccl.7.6", "text": "愚かな者の笑いはかまの下に燃えるいばらの音のようである。これもまた空である。" }, { "key": "Eccl.7.7", "text": "たしかに、しえたげは賢い人を愚かにし、まいないは人の心をそこなう。" }, { "key": "Eccl.7.8", "text": "事の終りはその初めよりも良い。耐え忍ぶ心は、おごり高ぶる心にまさる。" }, { "key": "Eccl.7.9", "text": "気をせきたてて怒るな。怒りは愚かな者の胸に宿るからである。" }, { "key": "Eccl.8.1", "text": "だれが知者のようになり得よう。だれが事の意義を知り得よう。人の知恵はその人の顔を輝かせ、またその粗暴な顔を変える。" }, { "key": "Eccl.8.10", "text": "またわたしは悪人の葬られるのを見た。彼らはいつも聖所に出入りし、それを行ったその町でほめられた。これもまた空である。" }, { "key": "Eccl.8.11", "text": "悪しきわざに対する判決がすみやかに行われないために、人の子らの心はもっぱら悪を行うことに傾いている。" }, { "key": "Eccl.8.12", "text": "罪びとで百度悪をなして、なお長生きするものがあるけれども、神をかしこみ、み前に恐れをいだく者には幸福があることを、わたしは知っている。" }, { "key": "Eccl.8.13", "text": "しかし悪人には幸福がない。またその命は影のようであって長くは続かない。彼は神の前に恐れをいだかないからである。" }, { "key": "Eccl.8.14", "text": "地の上に空な事が行われている。すなわち、義人であって、悪人に臨むべき事が、その身に臨む者がある。また、悪人であって、義人に臨むべき事が、その身に臨む者がある。わたしは言った、これもまた空であると。" }, { "key": "Eccl.8.15", "text": "そこで、わたしは歓楽をたたえる。それは日の下では、人にとって、食い、飲み、楽しむよりほかに良い事はないからである。これこそは日の下で、神が賜わった命の日の間、その勤労によってその身に伴うものである。" }, { "key": "Eccl.8.16", "text": "わたしは心をつくして知恵を知ろうとし、また地上に行われるわざを昼も夜も眠らずに窮めようとしたとき、" }, { "key": "Eccl.8.17", "text": "わたしは神のもろもろのわざを見たが、人は日の下に行われるわざを窮めることはできない。人はこれを尋ねようと労しても、これを窮めることはできない。また、たとい知者があって、これを知ろうと思っても、これを窮めることはできないのである。" }, { "key": "Eccl.8.2", "text": "王の命を守れ。すでに神をさして誓ったことゆえ、驚くな。" }, { "key": "Eccl.8.3", "text": "事が悪い時は、王の前を去れ、ためらうな。彼はすべてその好むところをなすからである。" }, { "key": "Eccl.8.4", "text": "王の言葉は決定的である。だれが彼に「あなたは何をするのか」と言うことができようか。" }, { "key": "Eccl.8.5", "text": "命令を守る者は災にあわない。知者の心は時と方法をわきまえている。" }, { "key": "Eccl.8.6", "text": "人の悪が彼の上に重くても、すべてのわざには時と方法がある。" }, { "key": "Eccl.8.7", "text": "後に起る事を知る者はない。どんな事が起るかをだれが彼に告げ得よう。" }, { "key": "Eccl.8.8", "text": "風をとどめる力をもつ人はない。また死の日をつかさどるものはない。戦いには免除はない。また悪はこれを行う者を救うことができない。" }, { "key": "Eccl.8.9", "text": "わたしはこのすべての事を見た。また日の下に行われるもろもろのわざに心を用いた。時としてはこの人が、かの人を治めて、これに害をこうむらせることがある。" }, { "key": "Eccl.9.1", "text": "わたしはこのすべての事に心を用いて、このすべての事を明らかにしようとした。すなわち正しい者と賢い者、および彼らのわざが、神の手にあることを明らかにしようとした。愛するか憎むかは人にはわからない。彼らの前にあるすべてのことは空である。" }, { "key": "Eccl.9.10", "text": "すべてあなたの手のなしうる事は、力をつくしてなせ。あなたの行く陰府には、わざも、計略も、知識も、知恵もないからである。" }, { "key": "Eccl.9.11", "text": "わたしはまた日の下を見たが、必ずしも速い者が競走に勝つのではなく、強い者が戦いに勝つのでもない。また賢い者がパンを得るのでもなく、さとき者が富を得るのでもない。また知識ある者が恵みを得るのでもない。しかし時と災難はすべての人に臨む。" }, { "key": "Eccl.9.12", "text": "人はその時を知らない。魚がわざわいの網にかかり、鳥がわなにかかるように、人の子らもわざわいの時が突然彼らに臨む時、それにかかるのである。" }, { "key": "Eccl.9.13", "text": "またわたしは日の下にこのような知恵の例を見た。これはわたしにとって大きな事である。" }, { "key": "Eccl.9.14", "text": "ここに一つの小さい町があって、そこに住む人は少なかったが、大いなる王が攻めて来て、これを囲み、これに向かって大きな雲梯を建てた。" }, { "key": "Eccl.9.15", "text": "しかし、町のうちにひとりの貧しい知恵のある人がいて、その知恵をもって町を救った。ところがだれひとり、その貧しい人を記憶する者がなかった。" }, { "key": "Eccl.9.16", "text": "そこでわたしは言う、「知恵は力にまさる。しかしかの貧しい人の知恵は軽んぜられ、その言葉は聞かれなかった」。" }, { "key": "Eccl.9.17", "text": "静かに聞かれる知者の言葉は、愚かな者の中のつかさたる者の叫びにまさる。" }, { "key": "Eccl.9.18", "text": "知恵は戦いの武器にまさる。しかし、ひとりの罪びとは多くの良きわざを滅ぼす。" }, { "key": "Eccl.9.2", "text": "すべての人に臨むところは、みな同様である。正しい者にも正しくない者にも、善良な者にも悪い者にも、清い者にも汚れた者にも、犠牲をささげる者にも、犠牲をささげない者にも、その臨むところは同様である。善良な人も罪びとも異なることはない。誓いをなす者も、誓いをなすことを恐れる者も異なることはない。" }, { "key": "Eccl.9.3", "text": "すべての人に同一に臨むのは、日の下に行われるすべての事のうちの悪事である。また人の心は悪に満ち、その生きている間は、狂気がその心のうちにあり、その後は死者のもとに行くのである。" }, { "key": "Eccl.9.4", "text": "すべて生ける者に連なる者には望みがある。生ける犬は、死せるししにまさるからである。" }, { "key": "Eccl.9.5", "text": "生きている者は死ぬべき事を知っている。しかし死者は何事をも知らない、また、もはや報いを受けることもない。その記憶に残る事がらさえも、ついに忘れられる。" }, { "key": "Eccl.9.6", "text": "その愛も、憎しみも、ねたみも、すでに消えうせて、彼らはもはや日の下に行われるすべての事に、永久にかかわることがない。" }, { "key": "Eccl.9.7", "text": "あなたは行って、喜びをもってあなたのパンを食べ、楽しい心をもってあなたの酒を飲むがよい。神はすでに、あなたのわざをよみせられたからである。" }, { "key": "Eccl.9.8", "text": "あなたの衣を常に白くせよ。あなたの頭に油を絶やすな。" }, { "key": "Eccl.9.9", "text": "日の下で神から賜わったあなたの空なる命の日の間、あなたはその愛する妻と共に楽しく暮すがよい。これはあなたが世にあってうける分、あなたが日の下で労する労苦によって得るものだからである。" }]
