[{ "key": "Esth.1.1", "text": "アハシュエロスすなわちインドからエチオピヤまで百二十七州を治めたアハシュエロスの世、" }, { "key": "Esth.1.10", "text": "七日目にアハシュエロス王は酒のために心が楽しくなり、王の前に仕える七人の侍従メホマン、ビズタ、ハルボナ、ビグタ、アバグタ、ゼタルおよびカルカスに命じて、" }, { "key": "Esth.1.11", "text": "王妃ワシテに王妃の冠をかぶらせて王の前にこさせよと言った。これは彼女が美しかったので、その美しさを民らと大臣たちに見せるためであった。" }, { "key": "Esth.1.12", "text": "ところが、王妃ワシテは侍従が伝えた王の命令に従って来ることを拒んだので、王は大いに憤り、その怒りが彼の内に燃えた。" }, { "key": "Esth.1.13", "text": "そこで王は時を知っている知者に言った、――王はすべて法律と審判に通じている者に相談するのを常とした。" }, { "key": "Esth.1.14", "text": "時に王の次にいた人々はペルシャおよびメデアの七人の大臣カルシナ、セタル、アデマタ、タルシシ、メレス、マルセナ、メムカンであった。彼らは皆王の顔を見る者で、国の首位に座する人々であった――" }, { "key": "Esth.1.15", "text": "「王妃ワシテは、アハシュエロス王が侍従をもって伝えた命令を行わないゆえ、法律に従って彼女にどうしたらよかろうか」。" }, { "key": "Esth.1.16", "text": "メムカンは王と大臣たちの前で言った、「王妃ワシテはただ王にむかって悪い事をしたばかりでなく、すべての大臣およびアハシュエロス王の各州のすべての民にむかってもしたのです。" }, { "key": "Esth.1.17", "text": "王妃のこの行いはあまねくすべての女たちに聞えて、彼らはついにその目に夫を卑しめ、『アハシュエロス王は王妃ワシテに、彼の前に来るように命じたがこなかった』と言うでしょう。" }, { "key": "Esth.1.18", "text": "王妃のこの行いを聞いたペルシャとメデアの大臣の夫人たちもまた、今日、王のすべての大臣たちにこのように言うでしょう。そうすれば必ず卑しめと怒りが多く起ります。" }, { "key": "Esth.1.19", "text": "もし王がよしとされるならば、ワシテはこの後、再びアハシュエロス王の前にきてはならないという王の命令を下し、これをペルシャとメデアの法律の中に書きいれて変ることのないようにし、そして王妃の位を彼女にまさる他の者に与えなさい。" }, { "key": "Esth.1.2", "text": "アハシュエロス王が首都スサで、その国の位に座していたころ、" }, { "key": "Esth.1.20", "text": "王の下される詔がこの大きな国にあまねく告げ示されるとき、妻たる者はことごとく、その夫を高下の別なく共に敬うようになるでしょう」。" }, { "key": "Esth.1.21", "text": "王と大臣たちはこの言葉をよしとしたので、王はメムカンの言葉のとおりに行った。" }, { "key": "Esth.1.22", "text": "王は王の諸州にあまねく書を送り、各州にはその文字にしたがい、各民族にはその言語にしたがって書き送り、すべて男子たる者はその家の主となるべきこと、また自分の民の言語を用いて語るべきことをさとした。" }, { "key": "Esth.1.3", "text": "その治世の第三年に、彼はその大臣および侍臣たちのために酒宴を設けた。ペルシャとメデアの将軍および貴族ならびに諸州の大臣たちがその前にいた。" }, { "key": "Esth.1.4", "text": "その時、王はその盛んな国の富と、その王威の輝きと、はなやかさを示して多くの日を重ね、百八十日に及んだ。" }, { "key": "Esth.1.5", "text": "これらの日が終った時、王は王の宮殿の園の庭で、首都スサにいる大小のすべての民のために七日の間、酒宴を設けた。" }, { "key": "Esth.1.6", "text": "そこには白綿布の垂幕と青色のとばりとがあって、紫色の細布のひもで銀の輪および大理石の柱につながれていた。また長いすは金銀で作られ、石膏と大理石と真珠貝および宝石の切りはめ細工の床の上に置かれていた。" }, { "key": "Esth.1.7", "text": "酒は金の杯で賜わり、その杯はそれぞれ違ったもので、王の大きな度量にふさわしく、王の用いる酒を惜しみなく賜わった。" }, { "key": "Esth.1.8", "text": "その飲むことは法にかない、だれもしいられることはなかった。これは王が人々におのおの自分の好むようにさせよと宮廷のすべての役人に命じておいたからである。" }, { "key": "Esth.1.9", "text": "王妃ワシテもまたアハシュエロス王に属する王宮の内で女たちのために酒宴を設けた。" }, { "key": "Esth.10.1", "text": "アハシュエロス王はその国および海に沿った国々にみつぎを課した。" }, { "key": "Esth.10.2", "text": "彼の権力と勢力によるすべての事業、および王がモルデカイを高い地位にのぼらせた事の詳しい話はメデアとペルシャの王たちの日誌の書にしるされているではないか。" }, { "key": "Esth.10.3", "text": "ユダヤ人モルデカイはアハシュエロス王に次ぐ者となり、ユダヤ人の中にあって大いなる者となり、その多くの兄弟に喜ばれた。彼はその民の幸福を求め、すべての国民に平和を述べたからである。" }, { "key": "Esth.2.1", "text": "これらのことの後、アハシュエロス王の怒りがとけ、王はワシテおよび彼女のしたこと、また彼女に対して定めたことを思い起した。" }, { "key": "Esth.2.10", "text": "エステルは自分の民のことをも、自分の同族のことをも人に知らせなかった。モルデカイがこれを知らすなと彼女に命じたからである。" }, { "key": "Esth.2.11", "text": "モルデカイはエステルの様子および彼女がどうしているかを知ろうと、毎日婦人の居室の庭の前を歩いた。" }, { "key": "Esth.2.12", "text": "おとめたちはおのおの婦人のための規定にしたがって十二か月を経て後、順番にアハシュエロス王の所へ行くのであった。これは彼らの化粧の期間として、没薬の油を用いること六か月、香料および婦人の化粧に使う品々を用いること六か月が定められていたからである。" }, { "key": "Esth.2.13", "text": "こうしておとめは王の所へ行くのであった。そしておとめが婦人の居室を出て王宮へ行く時には、すべてその望む物が与えられた。" }, { "key": "Esth.2.14", "text": "そして夕方行って、あくる朝第二の婦人の居室に帰り、そばめたちをつかさどる王の侍従シャシガズの管理に移された。王がその女を喜び、名ざして召すのでなければ、再び王の所へ行くことはなかった。" }, { "key": "Esth.2.15", "text": "さてモルデカイのおじアビハイルの娘、すなわちモルデカイが引きとって自分の娘としたエステルが王の所へ行く順番となったが、彼女は婦人をつかさどる王の侍従ヘガイが勧めた物のほか何をも求めなかった。エステルはすべて彼女を見る者に喜ばれた。" }, { "key": "Esth.2.16", "text": "エステルがアハシュエロス王に召されて王宮へ行ったのは、その治世の第七年の十月、すなわちテベテの月であった。" }, { "key": "Esth.2.17", "text": "王はすべての婦人にまさってエステルを愛したので、彼女はすべての処女にまさって王の前に恵みといつくしみとを得た。王はついに王妃の冠を彼女の頭にいただかせ、ワシテに代って王妃とした。" }, { "key": "Esth.2.18", "text": "そして王は大いなる酒宴を催して、すべての大臣と侍臣をもてなした。エステルの酒宴がこれである。また諸州に免税を行い、王の大きな度量にしたがって贈り物を与えた。" }, { "key": "Esth.2.19", "text": "二度目に処女たちが集められたとき、モルデカイは王の門にすわっていた。" }, { "key": "Esth.2.2", "text": "時に王に仕える侍臣たちは言った、「美しい若い処女たちを王のために尋ね求めましょう。" }, { "key": "Esth.2.20", "text": "エステルはモルデカイが命じたように、まだ自分の同族のことをも自分の民のことをも人に知らせなかった。エステルはモルデカイの言葉に従うこと、彼に養い育てられた時と少しも変らなかった。" }, { "key": "Esth.2.21", "text": "そのころ、モルデカイが王の門にすわっていた時、王の侍従で、王のへやの戸を守る者のうちのビグタンとテレシのふたりが怒りのあまりアハシュエロス王を殺そうとねらっていたが、" }, { "key": "Esth.2.22", "text": "その事がモルデカイに知れたので、彼はこれを王妃エステルに告げ、エステルはこれをモルデカイの名をもって王に告げた。" }, { "key": "Esth.2.23", "text": "その事が調べられて、それに相違ないことがあらわれたので、彼らふたりは木にかけられた。この事は王の前で日誌の書にかきしるされた。" }, { "key": "Esth.2.3", "text": "どうぞ王はこの国の各州において役人を選び、美しい若い処女をことごとく首都スサにある婦人の居室に集めさせ、婦人をつかさどる王の侍従ヘガイの管理のもとにおいて、化粧のための品々を彼らに与えてください。" }, { "key": "Esth.2.4", "text": "こうして御意にかなうおとめをとって、ワシテの代りに王妃としてください」。王はこの事をよしとし、そのように行った。" }, { "key": "Esth.2.5", "text": "さて首都スサにひとりのユダヤ人がいた。名をモルデカイといい、キシのひこ、シメイの孫、ヤイルの子で、ベニヤミンびとであった。" }, { "key": "Esth.2.6", "text": "彼はバビロンの王ネブカデネザルが捕えていったユダの王エコニヤと共に捕えられていった捕虜のひとりで、エルサレムから捕え移された者である。" }, { "key": "Esth.2.7", "text": "彼はそのおじの娘ハダッサすなわちエステルを養い育てた。彼女には父も母もなかったからである。このおとめは美しく、かわいらしかったが、その父母の死後、モルデカイは彼女を引きとって自分の娘としたのである。" }, { "key": "Esth.2.8", "text": "王の命令と詔が伝えられ、多くのおとめが首都スサに集められて、ヘガイの管理のもとにおかれたとき、エステルもまた王宮に携え行かれ、婦人をつかさどるヘガイの管理のもとにおかれた。" }, { "key": "Esth.2.9", "text": "このおとめはヘガイの心にかなって、そのいつくしみを得た。すなわちヘガイはすみやかに彼女に化粧の品々および食物の分け前を与え、また宮中から七人のすぐれた侍女を選んで彼女に付き添わせ、彼女とその侍女たちを婦人の居室のうちの最も良い所に移した。" }, { "key": "Esth.3.1", "text": "これらの事の後、アハシュエロス王はアガグびとハンメダタの子ハマンを重んじ、これを昇進させて、自分と共にいるすべての大臣たちの上にその席を定めさせた。" }, { "key": "Esth.3.10", "text": "そこで王は手から指輪をはずし、アガグびとハンメダタの子で、ユダヤ人の敵であるハマンにわたした。" }, { "key": "Esth.3.11", "text": "そして王はハマンに言った、「その銀はあなたに与える。その民もまたあなたに与えるから、よいと思うようにしなさい」。" }, { "key": "Esth.3.12", "text": "そこで正月の十三日に王の書記官が召し集められ、王の総督、各州の知事および諸民のつかさたちにハマンが命じたことをことごとく書きしるした。すなわち各州に送るものにはその文字を用い、諸民に送るものにはその言語を用い、おのおのアハシュエロス王の名をもってそれを書き、王の指輪をもってそれに印を押した。" }, { "key": "Esth.3.13", "text": "そして急使をもってその書を王の諸州に送り、十二月すなわちアダルの月の十三日に、一日のうちにすべてのユダヤ人を、若い者、老いた者、子供、女の別なく、ことごとく滅ぼし、殺し、絶やし、かつその貨財を奪い取れと命じた。" }, { "key": "Esth.3.14", "text": "この文書の写しを詔として各州に伝え、すべての民に公示して、その日のために備えさせようとした。" }, { "key": "Esth.3.15", "text": "急使は王の命令により急いで出ていった。この詔は首都スサで発布された。時に王とハマンは座して酒を飲んでいたが、スサの都はあわて惑った。" }, { "key": "Esth.3.2", "text": "王の門の内にいる王の侍臣たちは皆ひざまずいてハマンに敬礼した。これは王が彼についてこうすることを命じたからである。しかしモルデカイはひざまずかず、また敬礼しなかった。" }, { "key": "Esth.3.3", "text": "そこで王の門にいる王の侍臣たちはモルデカイにむかって、「あなたはどうして王の命令にそむくのか」と言った。" }, { "key": "Esth.3.4", "text": "彼らは毎日モルデカイにこう言うけれども聞きいれなかったので、その事がゆるされるかどうかを見ようと、これをハマンに告げた。なぜならモルデカイはすでに自分のユダヤ人であることを彼らに語ったからである。" }, { "key": "Esth.3.5", "text": "ハマンはモルデカイのひざまずかず、また自分に敬礼しないのを見て怒りに満たされたが、" }, { "key": "Esth.3.6", "text": "ただモルデカイだけを殺すことを潔しとしなかった。彼らがモルデカイの属する民をハマンに知らせたので、ハマンはアハシュエロスの国のうちにいるすべてのユダヤ人、すなわちモルデカイの属する民をことごとく滅ぼそうと図った。" }, { "key": "Esth.3.7", "text": "アハシュエロス王の第十二年の正月すなわちニサンの月に、ハマンの前で、十二月すなわちアダルの月まで、一日一日のため、一月一月のために、プルすなわちくじを投げさせた。" }, { "key": "Esth.3.8", "text": "そしてハマンはアハシュエロス王に言った、「お国の各州にいる諸民のうちに、散らされて、別れ別れになっている一つの民がいます。その法律は他のすべての民のものと異なり、また彼らは王の法律を守りません。それゆえ彼らを許しておくことは王のためになりません。" }, { "key": "Esth.3.9", "text": "もし王がよしとされるならば、彼らを滅ぼせと詔をお書きください。そうすればわたしは王の事をつかさどる者たちの手に銀一万タラントを量りわたして、王の金庫に入れさせましょう」。" }, { "key": "Esth.4.1", "text": "モルデカイはすべてこのなされたことを知ったとき、その衣を裂き、荒布をまとい、灰をかぶり、町の中へ行って大声をあげ、激しく叫んで、" }, { "key": "Esth.4.10", "text": "エステルはハタクに命じ、モルデカイに言葉を伝えさせて言った、" }, { "key": "Esth.4.11", "text": "「王の侍臣および王の諸州の民は皆、男でも女でも、すべて召されないのに内庭にはいって王のもとへ行く者は、必ず殺されなければならないという一つの法律のあることを知っています。ただし王がその者に金の笏を伸べれば生きることができるのです。しかしわたしはこの三十日の間、王のもとへ行くべき召をこうむらないのです」。" }, { "key": "Esth.4.12", "text": "エステルの言葉をモルデカイに告げたので、" }, { "key": "Esth.4.13", "text": "モルデカイは命じてエステルに答えさせて言った、「あなたは王宮にいるゆえ、すべてのユダヤ人と異なり、難を免れるだろうと思ってはならない。" }, { "key": "Esth.4.14", "text": "あなたがもし、このような時に黙っているならば、ほかの所から、助けと救がユダヤ人のために起るでしょう。しかし、あなたとあなたの父の家とは滅びるでしょう。あなたがこの国に迎えられたのは、このような時のためでなかったとだれが知りましょう」。" }, { "key": "Esth.4.15", "text": "そこでエステルは命じてモルデカイに答えさせた、" }, { "key": "Esth.4.16", "text": "「あなたは行ってスサにいるすべてのユダヤ人を集め、わたしのために断食してください。三日のあいだ夜も昼も食い飲みしてはなりません。わたしとわたしの侍女たちも同様に断食しましょう。そしてわたしは法律にそむくことですが王のもとへ行きます。わたしがもし死なねばならないのなら、死にます」。" }, { "key": "Esth.4.17", "text": "モルデカイは行って、エステルがすべて自分に命じたとおりに行った。" }, { "key": "Esth.4.2", "text": "王の門の入口まで行った。荒布をまとっては王の門の内にはいることができないからである。" }, { "key": "Esth.4.3", "text": "すべて王の命令と詔をうけ取った各州ではユダヤ人のうちに大いなる悲しみがあり、断食、嘆き、叫びが起り、また荒布をまとい、灰の上に座する者が多かった。" }, { "key": "Esth.4.4", "text": "エステルの侍女たちおよび侍従たちがきて、この事を告げたので、王妃は非常に悲しみ、モルデカイに着物を贈り、それを着せて、荒布を脱がせようとしたが受けなかった。" }, { "key": "Esth.4.5", "text": "そこでエステルは王の侍従のひとりで、王が自分にはべらせたハタクを召し、モルデカイのもとへ行って、それは何事であるか、何ゆえであるかを尋ねて来るようにと命じた。" }, { "key": "Esth.4.6", "text": "ハタクは出て、王の門の前にある町の広場にいるモルデカイのもとへ行くと、" }, { "key": "Esth.4.7", "text": "モルデカイは自分の身に起ったすべての事を彼に告げ、かつハマンがユダヤ人を滅ぼすことのために王の金庫に量り入れると約束した銀の正確な額を告げた。" }, { "key": "Esth.4.8", "text": "また彼らを滅ぼさせるために、スサで発布された詔書の写しを彼にわたし、それをエステルに見せ、かつ説きあかし、彼女が王のもとへ行ってその民のために王のあわれみを請い、王の前に願い求めるように彼女に言い伝えよと言った。" }, { "key": "Esth.4.9", "text": "ハタクが帰ってきてモルデカイの言葉をエステルに告げたので、" }, { "key": "Esth.5.1", "text": "三日目にエステルは王妃の服を着、王宮の内庭に入り、王の広間にむかって立った。王は王宮の玉座に座して王宮の入口にむかっていたが、" }, { "key": "Esth.5.10", "text": "しかしハマンは耐え忍んで家に帰り、人をやってその友だちおよび妻ゼレシを呼んでこさせ、" }, { "key": "Esth.5.11", "text": "そしてハマンはその富の栄華と、そのむすこたちの多いことと、すべて王が自分を重んじられたこと、また王の大臣および侍臣たちにまさって自分を昇進させられたことを彼らに語った。" }, { "key": "Esth.5.12", "text": "ハマンはまた言った、「王妃エステルは酒宴を設けたが、わたしのほかはだれも王と共にこれに臨ませなかった。あすもまたわたしは王と共に王妃に招かれている。" }, { "key": "Esth.5.13", "text": "しかしユダヤ人モルデカイが王の門に座しているのを見る間は、これらの事もわたしには楽しくない」。" }, { "key": "Esth.5.14", "text": "その時、妻ゼレシとすべての友は彼に言った、「高さ五十キュビトの木を立てさせ、あすの朝、モルデカイをその上に掛けるように王に申し上げなさい。そして王と一緒に楽しんでその酒宴においでなさい」。ハマンはこの事をよしとして、その木を立てさせた。" }, { "key": "Esth.5.2", "text": "王妃エステルが庭に立っているのを見て彼女に恵みを示し、その手にある金の笏をエステルの方に伸ばしたので、エステルは進みよってその笏の頭にさわった。" }, { "key": "Esth.5.3", "text": "王は彼女に言った、「王妃エステルよ、何を求めるのか。あなたの願いは何か。国の半ばでもあなたに与えよう」。" }, { "key": "Esth.5.4", "text": "エステルは言った、「もし王がよしとされるならば、きょうわたしが王のために設けた酒宴に、ハマンとご一緒にお臨みください」。" }, { "key": "Esth.5.5", "text": "そこで王は「ハマンを速く連れてきて、エステルの言うようにせよ」と言い、やがて王とハマンはエステルの設けた酒宴に臨んだ。" }, { "key": "Esth.5.6", "text": "酒宴の時、王はエステルに言った、「あなたの求めることは何か。必ず聞かれる。あなたの願いは何か。国の半ばでも聞きとどけられる」。" }, { "key": "Esth.5.7", "text": "エステルは答えて言った、「わたしの求め、わたしの願いはこれです。" }, { "key": "Esth.5.8", "text": "もしわたしが王の目の前に恵みを得、また王がもしわたしの求めを許し、わたしの願いを聞きとどけるのをよしとされるならば、ハマンとご一緒に、あすまた、わたしが設けようとする酒宴に、お臨みください。わたしはあす王のお言葉どおりにいたしましょう」。" }, { "key": "Esth.5.9", "text": "こうしてハマンはその日、心に喜び楽しんで出てきたが、ハマンはモルデカイが王の門にいて、自分にむかって立ちあがりもせず、また身動きもしないのを見たので、モルデカイに対し怒りに満たされた。" }, { "key": "Esth.6.1", "text": "その夜、王は眠ることができなかったので、命じて日々の事をしるした記録の書を持ってこさせ、王の前で読ませたが、" }, { "key": "Esth.6.10", "text": "それで王はハマンに言った、「急いであなたが言ったように、その衣服と馬とを取り寄せ、王の門に座しているユダヤ人モルデカイにそうしなさい。あなたが言ったことを一つも欠いてはならない」。" }, { "key": "Esth.6.11", "text": "そこでハマンは衣服と馬とを取り寄せ、モルデカイにその衣服を着せ、彼を馬に乗せて町の広場を通らせ、その前に呼ばわって、「王が栄誉を与えようと思う人にはこうするのだ」と言った。" }, { "key": "Esth.6.12", "text": "こうしてモルデカイは王の門に帰ってきたが、ハマンは憂え悩み、頭をおおって急いで家に帰った。" }, { "key": "Esth.6.13", "text": "そしてハマンは自分の身に起った事をことごとくその妻ゼレシと友だちに告げた。するとその知者たちおよび妻ゼレシは彼に言った、「あのモルデカイ、すなわちあなたがその人の前に敗れ始めた者が、もしユダヤ人の子孫であるならば、あなたは彼に勝つことはできない。必ず彼の前に敗れるでしょう」。" }, { "key": "Esth.6.14", "text": "彼らがなおハマンと話している時、王の侍従たちがきてハマンを促し、エステルが設けた酒宴に臨ませた。" }, { "key": "Esth.6.2", "text": "その中に、モルデカイがかつて王の侍従で、王のへやの戸を守る者のうちのビグタナとテレシのふたりが、アハシュエロス王を殺そうとねらっていることを告げた、としるされているのを見いだした。" }, { "key": "Esth.6.3", "text": "そこで王は言った、「この事のために、どんな栄誉と爵位をモルデカイに与えたか」。王に仕える侍臣たちは言った、「何も彼に与えていません」。" }, { "key": "Esth.6.4", "text": "王は言った、「庭にいるのはだれか」。この時ハマンはモルデカイのために設けた木にモルデカイを掛けることを王に申し上げようと王宮の外庭にはいってきていた。" }, { "key": "Esth.6.5", "text": "王の侍臣たちが「ハマンが庭に立っています」と王に言ったので、王は「ここへ、はいらせよ」と言った。" }, { "key": "Esth.6.6", "text": "やがてハマンがはいって来ると王は言った、「王が栄誉を与えようと思う人にはどうしたらよかろうか」。ハマンは心のうちに言った、「王はわたし以外にだれに栄誉を与えようと思われるだろうか」。" }, { "key": "Esth.6.7", "text": "ハマンは王に言った、「王が栄誉を与えようと思われる人のためには、" }, { "key": "Esth.6.8", "text": "王の着られた衣服を持ってこさせ、また王の乗られた馬、すなわちその頭に王冠をいただいた馬をひいてこさせ、" }, { "key": "Esth.6.9", "text": "その衣服と馬とを王の最も尊い大臣のひとりの手にわたして、王が栄誉を与えようと思われる人にその衣服を着させ、またその人を馬に乗せ、町の広場を導いて通らせ、『王が栄誉を与えようと思う人にはこうするのだ』とその前に呼ばわらせなさい」。" }, { "key": "Esth.7.1", "text": "王とハマンは王妃エステルの酒宴に臨んだ。" }, { "key": "Esth.7.10", "text": "そこで人々はハマンをモルデカイのために備えてあったその木に掛けた。こうして王の怒りは和らいだ。" }, { "key": "Esth.7.2", "text": "このふつか目の酒宴に王はまたエステルに言った、「王妃エステルよ、あなたの求めることは何か。必ず聞かれる。あなたの願いは何か。国の半ばでも聞きとどけられる」。" }, { "key": "Esth.7.3", "text": "王妃エステルは答えて言った、「王よ、もしわたしが王の目の前に恵みを得、また王がもしよしとされるならば、わたしの求めにしたがってわたしの命をわたしに与え、またわたしの願いにしたがってわたしの民をわたしに与えてください。" }, { "key": "Esth.7.4", "text": "わたしとわたしの民は売られて滅ぼされ、殺され、絶やされようとしています。もしわたしたちが男女の奴隷として売られただけなら、わたしは黙っていたでしょう。わたしたちの難儀は王の損失とは比較にならないからです」。" }, { "key": "Esth.7.5", "text": "アハシュエロス王は王妃エステルに言った、「そんな事をしようと心にたくらんでいる者はだれか。またどこにいるのか」。" }, { "key": "Esth.7.6", "text": "エステルは言った、「そのあだ、その敵はこの悪いハマンです」。そこでハマンは王と王妃の前に恐れおののいた。" }, { "key": "Esth.7.7", "text": "王は怒って酒宴の席を立ち、宮殿の園へ行ったが、ハマンは残って王妃エステルに命ごいをした。彼は王が自分に害を加えようと定めたのを見たからである。" }, { "key": "Esth.7.8", "text": "王が宮殿の園から酒宴の場所に帰ってみると、エステルのいた長いすの上にハマンが伏していたので、王は言った、「彼はまたわたしの家で、しかもわたしの前で王妃をはずかしめようとするのか」。この言葉が王の口から出たとき、人々は、ハマンの顔をおおった。" }, { "key": "Esth.7.9", "text": "その時、王に付き添っていたひとりの侍従ハルボナが「王のためによい事を告げたあのモルデカイのためにハマンが用意した高さ五十キュビトの木がハマンの家に立っています」と言ったので、王は「彼をそれに掛けよ」と言った。" }, { "key": "Esth.8.1", "text": "その日アハシュエロス王は、ユダヤ人の敵ハマンの家を王妃エステルに与えた。モルデカイは王の前にきた。これはエステルが自分とモルデカイがどんな関係の者であるかを告げたからである。" }, { "key": "Esth.8.10", "text": "その書はアハシュエロス王の名をもって書かれ、王の指輪をもって印を押し、王の御用馬として、そのうまやに育った早馬に乗る急使によって送られた。" }, { "key": "Esth.8.11", "text": "その中で、王はすべての町にいるユダヤ人に、彼らが相集まって自分たちの生命を保護し、自分たちを襲おうとする諸国、諸州のすべての武装した民を、その妻子もろともに滅ぼし、殺し、絶やし、かつその貨財を奪い取ることを許した。" }, { "key": "Esth.8.12", "text": "ただしこの事をアハシュエロス王の諸州において、十二月すなわちアダルの月の十三日に、一日のうちに行うことを命じた。" }, { "key": "Esth.8.13", "text": "この書いた物の写しを詔として各州に伝え、すべての民に公示して、ユダヤ人に、その日のために備えして、その敵にあだをかえさせようとした。" }, { "key": "Esth.8.14", "text": "王の御用馬である早馬に乗った急使は、王の命によって急がされ、せきたてられて出て行った。この詔は首都スサで出された。" }, { "key": "Esth.8.15", "text": "モルデカイは青と白の朝服を着、大きな金の冠をいただき、紫色の細布の上着をまとって王の前から出て行った。スサの町中、声をあげて喜んだ。" }, { "key": "Esth.8.16", "text": "ユダヤ人には光と喜びと楽しみと誉があった。" }, { "key": "Esth.8.17", "text": "いずれの州でも、いずれの町でも、すべて王の命令と詔の伝達された所では、ユダヤ人は喜び楽しみ、酒宴を開いてこの日を祝日とした。そしてこの国の民のうち多くの者がユダヤ人となった。これはユダヤ人を恐れる心が彼らのうちに起ったからである。" }, { "key": "Esth.8.2", "text": "王はハマンから取り返した自分の指輪をはずして、モルデカイに与えた。エステルはモルデカイにハマンの家を管理させた。" }, { "key": "Esth.8.3", "text": "エステルは再び王の前に奏し、その足もとにひれ伏して、アガグびとハマンの陰謀すなわち彼がユダヤ人に対して企てたその計画を除くことを涙ながらに請い求めた。" }, { "key": "Esth.8.4", "text": "王はエステルにむかって金の笏を伸べたので、エステルは身を起して王の前に立ち、" }, { "key": "Esth.8.5", "text": "そして言った、「もし王がよしとされ、わたしが王の前に恵みを得、またこの事が王の前に正しいと見え、かつわたしが王の目にかなうならば、アガグびとハンメダタの子ハマンが王の諸州にいるユダヤ人を滅ぼそうとはかって書き送った書を取り消す旨を書かせてください。" }, { "key": "Esth.8.6", "text": "どうしてわたしは、わたしの民に臨もうとする災を、だまって見ていることができましょうか。どうしてわたしの同族の滅びるのを、だまって見ていることができましょうか」。" }, { "key": "Esth.8.7", "text": "アハシュエロス王は王妃エステルとユダヤ人モルデカイに言った、「ハマンがユダヤ人を殺そうとしたので、わたしはハマンの家をエステルに与え、またハマンを木に掛けさせた。" }, { "key": "Esth.8.8", "text": "あなたがたは自分たちの思うままに王の名をもってユダヤ人についての書をつくり、王の指輪をもってそれに印を押すがよい。王の名をもって書き、王の指輪をもって印を押した書はだれも取り消すことができない」。" }, { "key": "Esth.8.9", "text": "その時王の書記官が召し集められた。それは三月すなわちシワンの月の二十三日であった。そしてインドからエチオピヤまでの百二十七州にいる総督、諸州の知事および大臣たちに、モルデカイがユダヤ人について命じたとおりに書き送った。すなわち各州にはその文字を用い、各民族にはその言語を用いて書き送り、ユダヤ人に送るものにはその文字と言語とを用いた。" }, { "key": "Esth.9.1", "text": "十二月すなわちアダルの月の十三日、王の命令と詔の行われる時が近づいたとき、すなわちユダヤ人の敵が、ユダヤ人を打ち伏せようと望んでいたのに、かえってユダヤ人が自分たちを憎む者を打ち伏せることとなったその日に、" }, { "key": "Esth.9.10", "text": "すなわちハンメダタの子で、ユダヤ人の敵であるハマンの十人の子をも殺した。しかし、そのぶんどり物には手をかけなかった。" }, { "key": "Esth.9.11", "text": "その日、首都スサで殺された者の数が王に報告されると、" }, { "key": "Esth.9.12", "text": "王は王妃エステルに言った、「ユダヤ人は首都スサで五百人を殺し、またハマンの十人の子を殺した。王のその他の諸州ではどんなに彼らは殺したことであろう。さてあなたの求めることは何か。必ず聞かれる。更にあなたの願いは何か。必ず聞きとどけられる」。" }, { "key": "Esth.9.13", "text": "エステルは言った、「もし王がよしとされるならば、どうぞスサにいるユダヤ人にあすも、きょうの詔のように行うことをゆるしてください。かつハマンの十人の子を木に掛けさせてください」。" }, { "key": "Esth.9.14", "text": "王はそうせよと命じたので、スサにおいて詔が出て、ハマンの十人の子は木に掛けられた。" }, { "key": "Esth.9.15", "text": "アダルの月の十四日にまたスサにいるユダヤ人が集まり、スサで三百人を殺した。しかし、そのぶんどり物には手をかけなかった。" }, { "key": "Esth.9.16", "text": "王の諸州にいる他のユダヤ人もまた集まって、自分たちの生命を保護し、その敵に勝って平安を得、自分たちを憎む者七万五千人を殺した。しかし、そのぶんどり物には手をかけなかった。" }, { "key": "Esth.9.17", "text": "これはアダルの月の十三日であって、その十四日に休んで、その日を酒宴と喜びの日とした。" }, { "key": "Esth.9.18", "text": "しかしスサにいるユダヤ人は十三日と十四日に集まり、十五日に休んで、その日を酒宴と喜びの日とした。" }, { "key": "Esth.9.19", "text": "それゆえ村々のユダヤ人すなわち城壁のない町々に住む者はアダルの月の十四日を喜びの日、酒宴の日、祝日とし、互に食べ物を贈る日とした。" }, { "key": "Esth.9.2", "text": "ユダヤ人はアハシュエロス王の各州にある自分たちの町々に集まり、自分たちに害を加えようとする者を殺そうとしたが、だれもユダヤ人に逆らうことのできるものはなかった。すべての民がユダヤ人を恐れたからである。" }, { "key": "Esth.9.20", "text": "モルデカイはこれらのことを書きしるしてアハシュエロス王の諸州にいるすべてのユダヤ人に、近い者にも遠い者にも書を送り、" }, { "key": "Esth.9.21", "text": "アダルの月の十四日と十五日とを年々祝うことを命じた。" }, { "key": "Esth.9.22", "text": "すなわちこの両日にユダヤ人がその敵に勝って平安を得、またこの月は彼らのために憂いから喜びに変り、悲しみから祝日に変ったので、これらを酒宴と喜びの日として、互に食べ物を贈り、貧しい者に施しをする日とせよとさとした。" }, { "key": "Esth.9.23", "text": "そこでユダヤ人は彼らがすでに始めたように、またモルデカイが彼らに書き送ったように、行うことを約束した。" }, { "key": "Esth.9.24", "text": "これはアガグびとハンメダタの子ハマン、すなわちすべてのユダヤ人の敵がユダヤ人を滅ぼそうとはかり、プルすなわちくじを投げて彼らを絶やし、滅ぼそうとしたが、" }, { "key": "Esth.9.25", "text": "エステルが王の前にきたとき、王は書を送って命じ、ハマンがユダヤ人に対して企てたその悪い計画をハマンの頭上に臨ませ、彼とその子らを木に掛けさせたからである。" }, { "key": "Esth.9.26", "text": "このゆえに、この両日をプルの名にしたがってプリムと名づけた。そしてこの書のすべての言葉により、またこの事について見たところ、自分たちの会ったところによって、" }, { "key": "Esth.9.27", "text": "ユダヤ人は相定め、年々その書かれているところにしたがい、その定められた時にしたがって、この両日を守り、自分たちと、その子孫およびすべて自分たちにつらなる者はこれを行い続けて廃することなく、" }, { "key": "Esth.9.28", "text": "この両日を、代々、家々、州々、町々において必ず覚えて守るべきものとし、これらのプリムの日がユダヤ人のうちに廃せられることのないようにし、またこの記念がその子孫の中に絶えることのないようにした。" }, { "key": "Esth.9.29", "text": "さらにアビハイルの娘である王妃エステルとユダヤ人モルデカイは、権威をもってこのプリムの第二の書を書き、それを確かめた。" }, { "key": "Esth.9.3", "text": "諸州の大臣、総督、知事および王の事をつかさどる者は皆ユダヤ人を助けた。彼らはモルデカイを恐れたからである。" }, { "key": "Esth.9.30", "text": "そしてアハシュエロスの国の百二十七州にいるすべてのユダヤ人に、平和と真実の言葉をもって書を送り、" }, { "key": "Esth.9.31", "text": "断食と悲しみのことについて、ユダヤ人モルデカイと王妃エステルが、かつてユダヤ人に命じたように、またユダヤ人たちが、かつて自分たちとその子孫のために定めたように、プリムのこれらの日をその定めた時に守らせた。" }, { "key": "Esth.9.32", "text": "エステルの命令はプリムに関するこれらの事を確定した。またこれは書にしるされた。" }, { "key": "Esth.9.4", "text": "モルデカイは王の家で大いなる者となり、その名声は各州に聞えわたった。この人モルデカイがますます勢力ある者となったからである。" }, { "key": "Esth.9.5", "text": "そこでユダヤ人はつるぎをもってすべての敵を撃って殺し、滅ぼし、自分たちを憎む者に対し心のままに行った。" }, { "key": "Esth.9.6", "text": "ユダヤ人はまた首都スサにおいても五百人を殺し、滅ぼした。" }, { "key": "Esth.9.7", "text": "またパルシャンダタ、ダルポン、アスパタ、" }, { "key": "Esth.9.8", "text": "ポラタ、アダリヤ、アリダタ、" }, { "key": "Esth.9.9", "text": "パルマシタ、アリサイ、アリダイ、ワエザタ、" }]
