[{ "key": "Hab.1.1", "text": "預言者ハバククが見た神の託宣。" }, { "key": "Hab.1.10", "text": "彼らは王たちを侮り、つかさたちをあざける。彼らはすべての城をあざ笑い、土を積み上げてこれを奪う。" }, { "key": "Hab.1.11", "text": "こうして、彼らは風のようになぎ倒して行き過ぎる。彼らは罪深い者で、おのれの力を神となす。" }, { "key": "Hab.1.12", "text": "わが神、主、わが聖者よ。あなたは永遠からいますかたではありませんか。わたしたちは死んではならない。主よ、あなたは彼らをさばきのために備えられた。岩よ、あなたは彼らを懲しめのために立てられた。" }, { "key": "Hab.1.13", "text": "あなたは目が清く、悪を見られない者、また不義を見られない者であるのに、何ゆえ不真実な者に目をとめていられるのですか。悪しき者が自分よりも正しい者を、のみ食らうのに、何ゆえ黙っていられるのですか。" }, { "key": "Hab.1.14", "text": "あなたは人を海の魚のようにし、治める者のない這う虫のようにされる。" }, { "key": "Hab.1.15", "text": "彼はつり針でこれをことごとくつり上げ、網でこれを捕え、引き網でこれを集め、こうして彼は喜び楽しむ。" }, { "key": "Hab.1.16", "text": "それゆえ、彼はその網に犠牲をささげ、その引き網に香をたく。これによって彼はぜいたくに暮し、その食物も豊かになるからである。" }, { "key": "Hab.1.17", "text": "それで、彼はいつまでもその網の獲物を取り入れて、無情にも諸国民を殺すのであろうか。" }, { "key": "Hab.1.2", "text": "主よ、わたしが呼んでいるのに、いつまであなたは聞きいれて下さらないのか。わたしはあなたに「暴虐がある」と訴えたが、あなたは助けて下さらないのか。" }, { "key": "Hab.1.3", "text": "あなたは何ゆえ、わたしによこしまを見せ、何ゆえ、わたしに災を見せられるのか。略奪と暴虐がわたしの前にあり、また論争があり、闘争も起っている。" }, { "key": "Hab.1.4", "text": "それゆえ、律法はゆるみ、公義は行われず、悪人は義人を囲み、公義は曲げて行われている。" }, { "key": "Hab.1.5", "text": "諸国民のうちを望み見て、驚け、そして怪しめ。わたしはあなたがたの日に一つの事をする。人がこの事を知らせても、あなたがたはとうてい信じまい。" }, { "key": "Hab.1.6", "text": "見よ、わたしはカルデヤびとを興す。これはたけく、激しい国民であって、地を縦横に行きめぐり、自分たちのものでないすみかを奪う。" }, { "key": "Hab.1.7", "text": "これはきびしく、恐ろしく、そのさばきと威厳とは彼ら自身から出る。" }, { "key": "Hab.1.8", "text": "その馬はひょうよりも速く、夜のおおかみよりも荒い。その騎兵は威勢よく進む。すなわち、その騎兵は遠い所から来る。彼らは物を食おうと急ぐわしのように飛ぶ。" }, { "key": "Hab.1.9", "text": "彼らはみな暴虐のために来る。彼らを恐れる恐れが彼らの前を行く。彼らはとりこを砂のように集める。" }, { "key": "Hab.2.1", "text": "わたしはわたしの見張所に立ち、物見やぐらに身を置き、望み見て、彼がわたしになんと語られるかを見、またわたしの訴えについてわたし自らなんと答えたらよかろうかを見よう。" }, { "key": "Hab.2.10", "text": "あなたは事をはかって自分の家に恥を招き、多くの民を滅ぼして、自分の生命を失った。" }, { "key": "Hab.2.11", "text": "石は石がきから叫び、梁は建物からこれに答えるからである。" }, { "key": "Hab.2.12", "text": "わざわいなるかな、血をもって町を建て、悪をもって町を築く者よ。" }, { "key": "Hab.2.13", "text": "見よ、もろもろの民は火のために労し、もろもろの国びとはむなしい事のために疲れる。これは万軍の主から出る言葉ではないか。" }, { "key": "Hab.2.14", "text": "海が水でおおわれているように、地は主の栄光の知識で満たされるからである。" }, { "key": "Hab.2.15", "text": "わざわいなるかな、その隣り人に怒りの杯を飲ませて、これを酔わせ、彼らの隠し所を見ようとする者よ。" }, { "key": "Hab.2.16", "text": "あなたは誉の代りに恥に飽き、あなたもまた飲んでよろめけ。主の右の手の杯は、あなたに巡り来る。恥はあなたの誉に代る。" }, { "key": "Hab.2.17", "text": "あなたがレバノンになした暴虐は、あなたを倒し、獣のような滅亡は、あなたを恐れさせる。これは人の血を流し、国と町と、町の中に住むすべての者に、暴虐を行ったからである。" }, { "key": "Hab.2.18", "text": "刻める像、鋳像および偽りを教える者は、その作者がこれを刻んだとてなんの益があろうか。その作者が物言わぬ偶像を造って、その造ったものに頼んでみても、なんの益があろうか。" }, { "key": "Hab.2.19", "text": "わざわいなるかな、木に向かって、さめよと言い、物言わぬ石に向かって、起きよと言う者よ。これは黙示を与え得ようか。見よ、これは金銀をきせたもので、その中には命の息は少しもない。" }, { "key": "Hab.2.2", "text": "主はわたしに答えて言われた、「この幻を書き、これを板の上に明らかにしるし、走りながらも、これを読みうるようにせよ。" }, { "key": "Hab.2.20", "text": "しかし、主はその聖なる宮にいます、全地はそのみ前に沈黙せよ。" }, { "key": "Hab.2.3", "text": "この幻はなお定められたときを待ち、終りをさして急いでいる。それは偽りではない。もしおそければ待っておれ。それは必ず臨む。滞りはしない。" }, { "key": "Hab.2.4", "text": "見よ、その魂の正しくない者は衰える。しかし義人はその信仰によって生きる。" }, { "key": "Hab.2.5", "text": "また、酒は欺くものだ。高ぶる者は定まりがない。彼の欲は陰府のように広い。彼は死のようであって、飽くことなく、万国をおのれに集め、万民をおのれのものとしてつどわせる」。" }, { "key": "Hab.2.6", "text": "これらは皆ことわざをもって彼をあざけり、あざけりのなぞをもって彼をあざ笑わないだろうか。すなわち言う、「わざわいなるかな、おのれに属さないものを増し加える者よ。いつまでこのようであろうか。質物でおのれを重くする者よ」。" }, { "key": "Hab.2.7", "text": "あなたの負債者は、にわかに興らないであろうか。あなたを激しくゆすぶる者は目ざめないであろうか。その時あなたは彼らにかすめられる。" }, { "key": "Hab.2.8", "text": "あなたは多くの国民をかすめたゆえ、そのもろもろの民の残れる者は皆あなたをかすめる。これは人の血を流し、国と町と、その中に住むすべての者に暴虐を行ったからである。" }, { "key": "Hab.2.9", "text": "わざわいなるかな、災の手を免れるために高い所に巣を構えようと、おのが家のために不義の利を取る者よ。" }, { "key": "Hab.3.1", "text": "シギヨノテの調べによる、預言者ハバククの祈。" }, { "key": "Hab.3.10", "text": "山々はあなたを見て震い、荒れ狂う水は流れいで、淵は声を出して、その手を高くあげた。" }, { "key": "Hab.3.11", "text": "飛び行くあなたの矢の光のために、電光のようにきらめく、あなたのやりのために、日も月もそのすみかに立ち止まった。" }, { "key": "Hab.3.12", "text": "あなたは憤って地を行きめぐり、怒って諸国民を踏みつけられた。" }, { "key": "Hab.3.13", "text": "あなたはあなたの民を救うため、あなたの油そそいだ者を救うために出て行かれた。あなたは悪しき者の頭を砕き、彼を腰から首まで裸にされた。〔セラ" }, { "key": "Hab.3.14", "text": "あなたはあなたのやりで将軍の首を刺しとおされた。彼らはわたしを散らそうとして、つむじ風のように来、貧しい者をひそかに、のみ滅ぼすことを楽しみとした。" }, { "key": "Hab.3.15", "text": "あなたはあなたの馬を使って、海と大水のさかまくところを踏みつけられた。" }, { "key": "Hab.3.16", "text": "わたしは聞いて、わたしのからだはわななき、わたしのくちびるはその声を聞いて震える。腐れはわたしの骨に入り、わたしの歩みは、わたしの下によろめく。わたしはわれわれに攻め寄せる民の上に悩みの日の臨むのを静かに待とう。" }, { "key": "Hab.3.17", "text": "いちじくの木は花咲かず、ぶどうの木は実らず、オリブの木の産はむなしくなり、田畑は食物を生ぜず、おりには羊が絶え、牛舎には牛がいなくなる。" }, { "key": "Hab.3.18", "text": "しかし、わたしは主によって楽しみ、わが救の神によって喜ぶ。" }, { "key": "Hab.3.19", "text": "主なる神はわたしの力であって、わたしの足を雌じかの足のようにし、わたしに高い所を歩ませられる。" }, { "key": "Hab.3.2", "text": "主よ、わたしはあなたのことを聞きました。主よ、わたしはあなたのみわざを見て恐れます。この年のうちにこれを新たにし、この年のうちにこれを知らせてください。怒る時にもあわれみを思いおこしてください。" }, { "key": "Hab.3.3", "text": "神はテマンからこられ、聖者はパランの山からこられた。その栄光は天をおおい、そのさんびは地に満ちた。〔セラ" }, { "key": "Hab.3.4", "text": "その輝きは光のようであり、その光は彼の手からほとばしる。かしこにその力を隠す。" }, { "key": "Hab.3.5", "text": "疫病はその前に行き、熱病はその後に従う。" }, { "key": "Hab.3.6", "text": "彼は立って、地をはかり、彼は見て、諸国民をおののかせられる。とこしえの山は散らされ、永遠の丘は沈む。彼の道は昔のとおりである。" }, { "key": "Hab.3.7", "text": "わたしが見ると、クシャンの天幕に悩みがあり、ミデアンの国の幕は震う。" }, { "key": "Hab.3.8", "text": "主よ、あなたが馬に乗り、勝利の戦車に乗られる時、あなたは川に向かって怒られるのか。川に向かって憤られるのか。あるいは海に向かって立腹されるのか。" }, { "key": "Hab.3.9", "text": "あなたの弓は取り出された。矢は、弦につがえられた。〔セラあなたは川をもって地を裂かれた。" }]
