[{ "key": "Lam.1.1", "text": "ああ、むかしは、民の満ちみちていたこの都、国々の民のうちで大いなる者であったこの町、今は寂しいさまで座し、やもめのようになった。もろもろの町のうちで女王であった者、今は奴隷となった。" }, { "key": "Lam.1.10", "text": "敵は手を伸べて、その財宝をことごとく奪った。あなたがさきに異邦人らはあなたの公会に、はいってはならないと命じられたのに、彼らがその聖所にはいるのをシオンは見た。" }, { "key": "Lam.1.11", "text": "その民はみな嘆いて食物を求め、その命をささえるために、財宝を食物にかえた。「主よ、みそなわして、わたしの卑しめられるのを顧みてください」。" }, { "key": "Lam.1.12", "text": "「すべて道行く人よ、あなたがたはなんとも思わないのか。主がその激しい怒りの日にわたしを悩まして、わたしにくだされた苦しみのような苦しみが、また世にあるだろうか、尋ねて見よ。" }, { "key": "Lam.1.13", "text": "主は上から火を送り、それをわが骨にくだし、網を張ってわが足を捕え、わたしを引き返させ、ひねもす心わびしく、かつ病み衰えさせられた。" }, { "key": "Lam.1.14", "text": "わたしのとがは、つかねられて、一つのくびきとせられ、主のみ手により固く締められて、わたしの首におかれ、わたしの力を衰えさせられた。主はわたしを、立ちむかい得ざる者の手に渡された。" }, { "key": "Lam.1.15", "text": "主はわたしのうちにあるすべての勇士を無視し、聖会を召集して、わたしを攻め、わが若き人々を打ち滅ぼされた。主は酒ぶねを踏むように、ユダの娘なるおとめを踏みつけられた。" }, { "key": "Lam.1.16", "text": "このために、わたしは泣き悲しみ、わたしの目は涙であふれる。わたしを慰める者、わたしを勇気づける者がわたしから遠く離れたからである。わが子らは敵が勝ったために、わびしい者となった」。" }, { "key": "Lam.1.17", "text": "シオンは手を伸ばしても、これを慰める者はひとりもない。ヤコブについては、主は命じて、その周囲の者を、これがあだとせられた。エルサレムは彼らの中にあって、汚れた物のようになった。" }, { "key": "Lam.1.18", "text": "「主は正しい、わたしは、み言葉にそむいた。すべての民よ、聞け、わが苦しみを顧みよ。わがおとめらも、わが若人らも捕われて行った。" }, { "key": "Lam.1.19", "text": "わたしはわが愛する者を呼んだが、彼らはわたしを欺いた。わが祭司および長老たちは、その命をささえようと、食物を求めている間に、町のうちで息絶えた。" }, { "key": "Lam.1.2", "text": "これは夜もすがらいたく泣き悲しみ、そのほおには涙が流れている。そのすべての愛する者のうちには、これを慰める者はひとりもなく、そのすべての友はこれにそむいて、その敵となった。" }, { "key": "Lam.1.20", "text": "主よ、顧みてください、わたしは悩み、わがはらわたはわきかえり、わが心臓はわたしの内に転倒しています。わたしは、はなはだしくそむいたからです。外にはつるぎがあって、わが子を奪い、家の内には死のようなものがある。" }, { "key": "Lam.1.21", "text": "わたしがどんなに嘆くかを聞いてください。わたしを慰める者はひとりもなく、敵はみなわたしの悩みを聞いて、あなたがこれをなされたのを喜んだ。あなたがさきに告げ知らせたその日をきたらせ、彼らをも、わたしのようにしてください。" }, { "key": "Lam.1.22", "text": "彼らの悪をことごとくあなたの前にあらわし、さきにわがもろもろのとがのために、わたしに行われたように、彼らにも行ってください。わが嘆きは多く、わが心は弱りはてているからです」。" }, { "key": "Lam.1.3", "text": "ユダは悩みのゆえに、また激しい苦役のゆえに、のがれて行って、もろもろの国民のうちに住んでいるが、安息を得ず、これを追う者がみな追いついてみると、悩みのうちにあった。" }, { "key": "Lam.1.4", "text": "シオンの道は祭に上ってくる者のないために悲しみ、その門はことごとく荒れ、その祭司たちは嘆き、そのおとめたちは引かれて行き、シオンはみずからいたく苦しむ。" }, { "key": "Lam.1.5", "text": "そのあだはかしらとなり、その敵は栄えている。そのとがが多いので、主がこれを悩まされたからである。その幼な子たちは捕われて、あだの前に行った。" }, { "key": "Lam.1.6", "text": "シオンの娘の栄華はことごとく彼女を離れ去り、その君たちは牧草を得ない、しかのようになり、自分を追う者の前に力なく逃げ去った。" }, { "key": "Lam.1.7", "text": "エルサレムはその悩みと苦しみの日に、昔から持っていたもろもろの宝を思い出す。その民があだの手に陥り、だれもこれを助ける者のない時、あだはこれを見て、その滅びをあざ笑った。" }, { "key": "Lam.1.8", "text": "エルサレムは、はなはだしく罪を犯したので、汚れたものとなった。これを尊んだ者も皆その裸を見たので、これを卑しめる。これもまたみずから嘆き、顔をそむける。" }, { "key": "Lam.1.9", "text": "その汚れはその衣のすそにあり、これはその終りを思わなかった。それゆえ、これは驚くばかりに落ちぶれ、これを慰める者はひとりもない。「主よ、わが悩みを顧みてください、敵は勝ち誇っていますから」。" }, { "key": "Lam.2.1", "text": "ああ、主は怒りを起し、黒雲をもってシオンの娘をおおわれた。主はイスラエルの栄光を天から地に投げ落し、その怒りの日に、おのれの足台を心にとめられなかった。" }, { "key": "Lam.2.10", "text": "シオンの娘の長老たちは地に座して黙し、頭にちりをかぶり、身に荒布をまとった。エルサレムのおとめたちはこうべを地にたれた。" }, { "key": "Lam.2.11", "text": "わが目は涙のためにつぶれ、わがはらわたはわきかえり、わが肝はわが民の娘の滅びのために、地に注ぎ出される。幼な子や乳のみ子が町のちまたに息も絶えようとしているからである。" }, { "key": "Lam.2.12", "text": "彼らが、傷ついた者のように町のちまたで息も絶えようとするとき、その母のふところにその命を注ぎ出そうとするとき、母にむかって、「パンとぶどう酒とはどこにありますか」と叫ぶ。" }, { "key": "Lam.2.13", "text": "エルサレムの娘よ、わたしは何をあなたに言い、何にあなたを比べることができようか。シオンの娘なるおとめよ、わたしは何をもってあなたになぞらえて、あなたを慰めることができようか。あなたの破れは海のように大きい、だれがあなたをいやすことができようか。" }, { "key": "Lam.2.14", "text": "あなたの預言者たちはあなたのために人を欺く偽りの幻を見た。彼らはあなたの不義をあらわして捕われを免れさせようとはせず、あなたのために人を迷わす偽りの託宣を見た。" }, { "key": "Lam.2.15", "text": "すべて道行く人は、あなたにむかって手を打ち、エルサレムの娘にむかって、あざ笑い、かつ頭を振って言う、「麗しさのきわみ、全地の喜びととなえられた町はこれなのか」と。" }, { "key": "Lam.2.16", "text": "あなたのもろもろの敵は、あなたをののしり、あざ笑い、歯がみして言う、「われわれはこれを滅ぼした、ああ、これはわれわれが望んだ日だ、今われわれはこれにあい、これを見た」と。" }, { "key": "Lam.2.17", "text": "主はその計画されたことを行い、警告されたことをなし遂げ、いにしえから命じておかれたように、滅ぼして、あわれむことをせず、あなたについて敵を喜ばせ、あなたのあだの力を高められた。" }, { "key": "Lam.2.18", "text": "シオンの娘よ、声高らかに主に呼ばわれ、夜も昼も川のように涙を流せ。みずから安んじることをせず、あなたのひとみを休ませるな。" }, { "key": "Lam.2.19", "text": "夜、初更に起きて叫べ。主の前にあなたの心を水のように注ぎ出せ。町のかどで、飢えて息も絶えようとする幼な子の命のために、主にむかって両手をあげよ。" }, { "key": "Lam.2.2", "text": "主はヤコブのすべてのすまいを滅ぼして、あわれまず、その怒りによって、ユダの娘のとりでをこわし、これを地に倒して、その国とそのつかさたちをはずかしめられた。" }, { "key": "Lam.2.20", "text": "主よ、みそなわして、顧みてください。あなたはだれにむかってこのように行われたのですか。女は自分の産んだ子、その大事に育てた幼な子を食べるでしょうか。祭司と預言者が主の聖所で殺されていいでしょうか。" }, { "key": "Lam.2.21", "text": "老いも若きも、ちまたのちりに伏し、わがおとめも、若人も、つるぎで倒されてしまった。あなたは、その怒りの日にこれを殺し、これをほふって、あわれむことをされなかった。" }, { "key": "Lam.2.22", "text": "あなたは、わたしの恐れるものを、祭の日のように四方から呼び集められた。主の怒りの日には、のがれた者も残った者もなかった。わたしが、いだき育てた者をわたしの敵は滅ぼし尽した。" }, { "key": "Lam.2.3", "text": "主は激しい怒りをもって、イスラエルのすべての力を断ち、敵の前で、おのれの右の手を引きもどし、周囲を焼きつくす燃える火のように、ヤコブを焼かれた。" }, { "key": "Lam.2.4", "text": "主は敵のように弓を張り、あだのように右の手を伸べて立ち、シオンの娘の天幕におるわれわれの目に誇る者を、ことごとく殺し、火のようにその怒りを注がれた。" }, { "key": "Lam.2.5", "text": "主は敵のようになって、イスラエルを滅ぼし、そのすべての宮殿を滅ぼし、そのとりでをこわし、ユダの娘の上に憂いと悲しみとを増し加えられた。" }, { "key": "Lam.2.6", "text": "主は園の小屋のようにおのれの幕屋を倒し、その祭の場所をこわされた。主は祭と安息日とをシオンに忘れさせ、激しい怒りによって、王と祭司とを捨てられた。" }, { "key": "Lam.2.7", "text": "主はその祭壇を忌み、その聖所をきらって、もろもろの宮殿の石がきを敵の手に渡された。彼らは祭の日のように、主の宮で声をあげた。" }, { "key": "Lam.2.8", "text": "主はシオンの娘の城壁を破壊しようと思い定めて、なわを張り、打ちこわして、その手をひかず、城壁と石がきとを悲しませられた。これらは共に衰える。" }, { "key": "Lam.2.9", "text": "その門は地にうずもれ、主はその貫の木をこわし砕かれた。その王と君たちはもろもろの国民の中におり、もはや律法はなく、またその預言者は主から幻を得ない。" }, { "key": "Lam.3.1", "text": "わたしは彼の怒りのむちによって、悩みにあった人である。" }, { "key": "Lam.3.10", "text": "彼はわたしに対して待ち伏せするくまのように、潜み隠れるししのように、" }, { "key": "Lam.3.11", "text": "わが道を離れさせ、わたしを引き裂いて、見るかげもないみじめな者とし、" }, { "key": "Lam.3.12", "text": "その弓を張って、わたしを矢の的のようにされた。" }, { "key": "Lam.3.13", "text": "彼はその箙の矢をわたしの心臓に打ち込まれた。" }, { "key": "Lam.3.14", "text": "わたしはすべての民の物笑いとなり、ひねもす彼らの歌となった。" }, { "key": "Lam.3.15", "text": "彼はわたしを苦い物で飽かせ、にがよもぎをわたしに飲ませられた。" }, { "key": "Lam.3.16", "text": "彼は小石をもって、わたしの歯を砕き、灰の中にわたしをころがされた。" }, { "key": "Lam.3.17", "text": "わが魂は平和を失い、わたしは幸福を忘れた。" }, { "key": "Lam.3.18", "text": "そこでわたしは言った、「わが栄えはうせ去り、わたしが主に望むところのものもうせ去った」と。" }, { "key": "Lam.3.19", "text": "どうか、わが悩みと苦しみ、にがよもぎと胆汁とを心に留めてください。" }, { "key": "Lam.3.2", "text": "彼はわたしをかり立てて、光のない暗い中を歩かせ、" }, { "key": "Lam.3.20", "text": "わが魂は絶えずこれを思って、わがうちにうなだれる。" }, { "key": "Lam.3.21", "text": "しかし、わたしはこの事を心に思い起す。それゆえ、わたしは望みをいだく。" }, { "key": "Lam.3.22", "text": "主のいつくしみは絶えることがなく、そのあわれみは尽きることがない。" }, { "key": "Lam.3.23", "text": "これは朝ごとに新しく、あなたの真実は大きい。" }, { "key": "Lam.3.24", "text": "わが魂は言う、「主はわたしの受くべき分である、それゆえ、わたしは彼を待ち望む」と。" }, { "key": "Lam.3.25", "text": "主はおのれを待ち望む者と、おのれを尋ね求める者にむかって恵みふかい。" }, { "key": "Lam.3.26", "text": "主の救を静かに待ち望むことは、良いことである。" }, { "key": "Lam.3.27", "text": "人が若い時にくびきを負うことは、良いことである。" }, { "key": "Lam.3.28", "text": "主がこれを負わせられるとき、ひとりすわって黙しているがよい。" }, { "key": "Lam.3.29", "text": "口をちりにつけよ、あるいはなお望みがあるであろう。" }, { "key": "Lam.3.3", "text": "まことにその手をしばしばかえて、ひねもすわたしを攻められた。" }, { "key": "Lam.3.30", "text": "おのれを撃つ者にほおを向け、満ち足りるまでに、はずかしめを受けよ。" }, { "key": "Lam.3.31", "text": "主はとこしえにこのような人を捨てられないからである。" }, { "key": "Lam.3.32", "text": "彼は悩みを与えられるが、そのいつくしみが豊かなので、またあわれみをたれられる。" }, { "key": "Lam.3.33", "text": "彼は心から人の子を苦しめ悩ますことをされないからである。" }, { "key": "Lam.3.34", "text": "地のすべての捕われ人を足の下に踏みにじり、" }, { "key": "Lam.3.35", "text": "いと高き者の前に人の公義をまげ、" }, { "key": "Lam.3.36", "text": "人の訴えをくつがえすことは、主のよみせられないことである。" }, { "key": "Lam.3.37", "text": "主が命じられたのでなければ、だれが命じて、その事の成ったことがあるか。" }, { "key": "Lam.3.38", "text": "災もさいわいも、いと高き者の口から出るではないか。" }, { "key": "Lam.3.39", "text": "生ける人はどうしてつぶやかねばならないのか、人は自分の罪の罰せられるのを、つぶやくことができようか。" }, { "key": "Lam.3.4", "text": "彼はわが肉と皮を衰えさせ、わが骨を砕き、" }, { "key": "Lam.3.40", "text": "われわれは、自分の行いを調べ、かつ省みて、主に帰ろう。" }, { "key": "Lam.3.41", "text": "われわれは天にいます神にむかって、手と共に心をもあげよう。" }, { "key": "Lam.3.42", "text": "「わたしたちは罪を犯し、そむきました、あなたはおゆるしになりませんでした。" }, { "key": "Lam.3.43", "text": "あなたは怒りをもってご自分をおおい、わたしたちを追い攻め、殺して、あわれまず、" }, { "key": "Lam.3.44", "text": "また雲をもってご自分をおおい、祈を通じないようにし、" }, { "key": "Lam.3.45", "text": "もろもろの民の中に、わたしたちをちりあくたとなさいました。" }, { "key": "Lam.3.46", "text": "敵はみなわたしたちをののしり、" }, { "key": "Lam.3.47", "text": "恐れと落し穴と、荒廃と滅亡とが、わたしたちに臨みました。" }, { "key": "Lam.3.48", "text": "わが民の娘の滅びによって、わたしの目には涙の川が流れています。" }, { "key": "Lam.3.49", "text": "わが目は絶えず涙を注ぎ出して、やむことなく、" }, { "key": "Lam.3.5", "text": "苦しみと悩みをもって、わたしを囲み、わたしを閉じこめ、" }, { "key": "Lam.3.50", "text": "主が天から見おろして、顧みられる時にまで及ぶでしょう。" }, { "key": "Lam.3.51", "text": "わが目はわが町のすべての娘の最期のゆえに、わたしを痛ませます。" }, { "key": "Lam.3.52", "text": "ゆえなくわたしに敵する者どもによって、わたしは鳥のように追われました。" }, { "key": "Lam.3.53", "text": "彼らは生きているわたしを穴の中に投げ入れ、わたしの上に石を投げつけました。" }, { "key": "Lam.3.54", "text": "水はわたしの頭の上にあふれ、わたしは『断ち滅ぼされた』と言いました。" }, { "key": "Lam.3.55", "text": "主よ、わたしは深い穴からみ名を呼びました。" }, { "key": "Lam.3.56", "text": "あなたはわが声を聞かれました、『わが嘆きと叫びに耳をふさがないでください』。" }, { "key": "Lam.3.57", "text": "わたしがあなたに呼ばわったとき、あなたは近寄って、『恐れるな』と言われました。" }, { "key": "Lam.3.58", "text": "主よ、あなたはわが訴えを取りあげて、わたしの命をあがなわれました。" }, { "key": "Lam.3.59", "text": "主よ、あなたはわたしがこうむった不義をごらんになりました。わたしの訴えをおさばきください。" }, { "key": "Lam.3.6", "text": "遠い昔に死んだ者のように、暗い所に住まわせられた。" }, { "key": "Lam.3.60", "text": "あなたはわたしに対する彼らの報復と、陰謀とを、ことごとくごらんになりました。" }, { "key": "Lam.3.61", "text": "主よ、あなたはわたしに対する彼らのそしりと、陰謀とを、ことごとく聞かれました。" }, { "key": "Lam.3.62", "text": "立ってわたしに逆らう者どものくちびると、その思いは、ひねもすわたしを攻めています。" }, { "key": "Lam.3.63", "text": "どうか、彼らのすわるをも、立つをも、みそなわしてください。わたしは彼らの歌となっています。" }, { "key": "Lam.3.64", "text": "主よ、彼らの手のわざにしたがって、彼らに報い、" }, { "key": "Lam.3.65", "text": "彼らの心をかたくなにし、あなたののろいを彼らに注いでください。" }, { "key": "Lam.3.66", "text": "主よ、怒りをもって彼らを追い、天が下から彼らを滅ぼしてください」。" }, { "key": "Lam.3.7", "text": "彼はわたしのまわりに、かきをめぐらして、出ることのできないようにし、重い鎖でわたしをつながれた。" }, { "key": "Lam.3.8", "text": "わたしは叫んで助けを求めたが、彼はわたしの祈をしりぞけ、" }, { "key": "Lam.3.9", "text": "切り石をもって、わたしの行く道をふさぎ、わたしの道筋を曲げられた。" }, { "key": "Lam.4.1", "text": "ああ、黄金は光を失い、純金は色を変じ、聖所の石はすべてのちまたのかどに投げ捨てられた。" }, { "key": "Lam.4.10", "text": "わが民の娘の滅びる時には情深い女たちさえも、手ずから自分の子どもを煮て、それを食物とした。" }, { "key": "Lam.4.11", "text": "主はその憤りをことごとく漏らし、激しい怒りをそそぎ、シオンに火を燃やして、その礎までも焼き払われた。" }, { "key": "Lam.4.12", "text": "地の王たちも、世の民らもみな、エルサレムの門に、あだや敵が、討ち入ろうとは信じなかった。" }, { "key": "Lam.4.13", "text": "これはその預言者たちの罪のため、その祭司たちの不義のためであった。彼らは義人の血をその町の中に流した者である。" }, { "key": "Lam.4.14", "text": "彼らは盲人のように、ちまたにさまよい、血で汚れている。だれもその衣にさわることができない。" }, { "key": "Lam.4.15", "text": "人々は彼らにむかって、「去れよ、けがらわしい」、「去れよ、去れよ、さわるな」と叫んだので、彼らは逃げ去って放浪者となったが、異邦人の中でも人々は「もうわれわれのうちに宿ってはならない」と言った。" }, { "key": "Lam.4.16", "text": "主はみずから彼らを散らして、再び彼らを顧みず、祭司を尊ばず、長老をいたわられなかった。" }, { "key": "Lam.4.17", "text": "われわれの目は、むなしく助けを待ち望んで疲れ衰えた。われわれは待ち望んだが、救を与え得ない国びとを待ち望んだ。" }, { "key": "Lam.4.18", "text": "人々がわれわれの歩みをうかがうので、われわれは自分の町の中をも、歩くことができなかった。われわれの終りは近づいた、日は尽きた。われわれの終りが来たからである。" }, { "key": "Lam.4.19", "text": "われわれを追う者は空のはげたかよりも速く、彼らは山でわれわれを追い立て、野でわれわれを待ち伏せる。" }, { "key": "Lam.4.2", "text": "ああ、精金にも比すべきシオンのいとし子らは、陶器師の手のわざである土の器のようにみなされる。" }, { "key": "Lam.4.20", "text": "われわれが鼻の息とたのんだ者、主に油そそがれた者は、彼らの落し穴で捕えられた。彼はわれわれが「異邦人の中でもその陰に生きるであろう」と思った者である。" }, { "key": "Lam.4.21", "text": "ウズの地に住むエドムの娘よ、喜び楽しめ、あなたにもまた杯がめぐって行く、あなたも酔って裸になる。" }, { "key": "Lam.4.22", "text": "シオンの娘よ、あなたの不義の罰は終った。主は重ねてあなたを捕え移されない。エドムの娘よ、主はあなたの不義を罰し、あなたの罪をあらわされる。" }, { "key": "Lam.4.3", "text": "山犬さえも乳ぶさをたれて、その子に乳を飲ませる。ところが、わが民の娘は、荒野のだちょうのように無慈悲になった。" }, { "key": "Lam.4.4", "text": "乳のみ子の舌はかわいて、上あごに、ひたとつき、幼な子らはパンを求めても、これに与える者がない。" }, { "key": "Lam.4.5", "text": "うまい物を食べていた者は、落ちぶれて、ちまたにおり、紫の着物で育てられた者も、今は灰だまりの上に伏している。" }, { "key": "Lam.4.6", "text": "わが民の娘のうけた懲しめは、ソドムの罰よりも大きかった。ソドムは昔、人の手によらないで、またたくまに滅ぼされたのだ。" }, { "key": "Lam.4.7", "text": "わが民の君たちは雪よりも清らかに、乳よりも白く、そのからだは、さんごよりも赤く、その姿の美しさはサファイヤのようであった。" }, { "key": "Lam.4.8", "text": "今はその顔はすすよりも黒く、町の中にいても人に知られず、その皮膚は縮んで骨につき、かわいて枯れ木のようになった。" }, { "key": "Lam.4.9", "text": "つるぎで殺される者は、飢えて死ぬ者よりもさいわいである。彼らは田畑の産物の欠乏によって、刺された者のように衰え行くからである。" }, { "key": "Lam.5.1", "text": "主よ、われわれに臨んだ事を覚えてください。われわれのはずかしめを顧みてください。" }, { "key": "Lam.5.10", "text": "われわれの皮膚は飢餓の激しい熱のために、炉のように熱い。" }, { "key": "Lam.5.11", "text": "女たちはシオンで犯され、おとめたちはユダの町々で汚された。" }, { "key": "Lam.5.12", "text": "君たる者も彼らの手でつるされ、長老たちも尊ばれず、" }, { "key": "Lam.5.13", "text": "若者たちは、ひきうすをになわせられ、わらべたちは、たきぎを負って、よろめき、" }, { "key": "Lam.5.14", "text": "長老たちは門に集まることをやめ、若者たちはその音楽を廃した。" }, { "key": "Lam.5.15", "text": "われわれの心の喜びはやみ、踊りは悲しみに変り、" }, { "key": "Lam.5.16", "text": "われわれの冠はこうべから落ちた。わざわいなるかな、われわれは罪を犯したからである。" }, { "key": "Lam.5.17", "text": "このために、われわれの心は衰え、これらの事のために、われわれの目はくらくなった。" }, { "key": "Lam.5.18", "text": "シオンの山は荒れはて、山犬がその上を歩いているからである。" }, { "key": "Lam.5.19", "text": "しかし主よ、あなたはとこしえに統べ治められる。あなたの、み位は世々絶えることがない。" }, { "key": "Lam.5.2", "text": "われわれの嗣業は他国の人に移り、家は異邦人のものとなった。" }, { "key": "Lam.5.20", "text": "なぜ、あなたはわれわれをながく忘れ、われわれを久しく捨ておかれるのですか。" }, { "key": "Lam.5.21", "text": "主よ、あなたに帰らせてください、われわれは帰ります。われわれの日を新たにして、いにしえの日のようにしてください。" }, { "key": "Lam.5.22", "text": "あなたは全くわれわれを捨てられたのですか、はなはだしく怒っていられるのですか。" }, { "key": "Lam.5.3", "text": "われわれはみなしごとなって父はなく、母はやもめにひとしい。" }, { "key": "Lam.5.4", "text": "われわれは金を出して水を飲み、価を払って、たきぎを獲なければならない。" }, { "key": "Lam.5.5", "text": "われわれは首にくびきをかけられて追い使われ、疲れても休むことができない。" }, { "key": "Lam.5.6", "text": "われわれは足りるだけの食物を獲るために、エジプトおよびアッスリヤに手をさし伸べた。" }, { "key": "Lam.5.7", "text": "われわれの先祖は罪を犯して、すでに世になく、われわれはその不義の責めを負っている。" }, { "key": "Lam.5.8", "text": "奴隷であった者がわれわれを治めるが、われわれをその手から救い出す者がない。" }, { "key": "Lam.5.9", "text": "われわれは荒野のつるぎのゆえに、おのが命をかけて食物を獲る。" }]
