[{ "key": "Ruth.1.1", "text": "さばきづかさが世を治めているころ、国に飢きんがあったので、ひとりの人がその妻とふたりの男の子を連れてユダのベツレヘムを去り、モアブの地へ行ってそこに滞在した。" }, { "key": "Ruth.1.10", "text": "ナオミに言った、「いいえ、わたしたちは一緒にあなたの民のところへ帰ります」。" }, { "key": "Ruth.1.11", "text": "しかしナオミは言った、「娘たちよ、帰って行きなさい。どうして、わたしと一緒に行こうというのですか。あなたがたの夫となる子がまだわたしの胎内にいると思うのですか。" }, { "key": "Ruth.1.12", "text": "娘たちよ、帰って行きなさい。わたしは年をとっているので、夫をもつことはできません。たとい、わたしが今夜、夫をもち、また子を産む望みがあるとしても、" }, { "key": "Ruth.1.13", "text": "そのためにあなたがたは、子どもの成長するまで待っているつもりなのですか。あなたがたは、そのために夫をもたずにいるつもりなのですか。娘たちよ、それはいけません。主の手がわたしに臨み、わたしを責められたことで、あなたがたのために、わたしは非常に心を痛めているのです」。" }, { "key": "Ruth.1.14", "text": "彼らはまた声をあげて泣いた。そしてオルパはそのしゅうとめに口づけしたが、ルツはしゅうとめを離れなかった。" }, { "key": "Ruth.1.15", "text": "そこでナオミは言った、「ごらんなさい。あなたの相嫁は自分の民と自分の神々のもとへ帰って行きました。あなたも相嫁のあとについて帰りなさい」。" }, { "key": "Ruth.1.16", "text": "しかしルツは言った、「あなたを捨て、あなたを離れて帰ることをわたしに勧めないでください。わたしはあなたの行かれる所へ行き、またあなたの宿られる所に宿ります。あなたの民はわたしの民、あなたの神はわたしの神です。" }, { "key": "Ruth.1.17", "text": "あなたの死なれる所でわたしも死んで、そのかたわらに葬られます。もし死に別れでなく、わたしがあなたと別れるならば、主よ、どうぞわたしをいくえにも罰してください」。" }, { "key": "Ruth.1.18", "text": "ナオミはルツが自分と一緒に行こうと、固く決心しているのを見たので、そのうえ言うことをやめた。" }, { "key": "Ruth.1.19", "text": "そしてふたりは旅をつづけて、ついにベツレヘムに着いた。彼らがベツレヘムに着いたとき、町はこぞって彼らのために騒ぎたち、女たちは言った、「これはナオミですか」。" }, { "key": "Ruth.1.2", "text": "その人の名はエリメレク、妻の名はナオミ、ふたりの男の子の名はマロンとキリオンといい、ユダのベツレヘムのエフラタびとであった。彼らはモアブの地へ行って、そこにおったが、" }, { "key": "Ruth.1.20", "text": "ナオミは彼らに言った、「わたしをナオミ（楽しみ）と呼ばずに、マラ（苦しみ）と呼んでください。なぜなら全能者がわたしをひどく苦しめられたからです。" }, { "key": "Ruth.1.21", "text": "わたしは出て行くときは豊かでありましたが、主はわたしをから手で帰されました。主がわたしを悩まし、全能者がわたしに災をくだされたのに、どうしてわたしをナオミと呼ぶのですか」。" }, { "key": "Ruth.1.22", "text": "こうしてナオミは、モアブの地から帰った嫁、モアブの女ルツと一緒に帰ってきて、大麦刈の初めにベツレヘムに着いた。" }, { "key": "Ruth.1.3", "text": "ナオミの夫エリメレクは死んで、ナオミとふたりの男の子が残された。" }, { "key": "Ruth.1.4", "text": "ふたりの男の子はそれぞれモアブの女を妻に迎えた。そのひとりの名はオルパといい、ひとりの名はルツといった。彼らはそこに十年ほど住んでいたが、" }, { "key": "Ruth.1.5", "text": "マロンとキリオンのふたりもまた死んだ。こうしてナオミはふたりの子と夫とに先だたれた。" }, { "key": "Ruth.1.6", "text": "その時、ナオミはモアブの地で、主がその民を顧みて、すでに食物をお与えになっていることを聞いたので、その嫁と共に立って、モアブの地からふるさとへ帰ろうとした。" }, { "key": "Ruth.1.7", "text": "そこで彼女は今いる所を出立し、ユダの地へ帰ろうと、ふたりの嫁を連れて道に進んだ。" }, { "key": "Ruth.1.8", "text": "しかしナオミはふたりの嫁に言った、「あなたがたは、それぞれ自分の母の家に帰って行きなさい。あなたがたが、死んだふたりの子とわたしに親切をつくしたように、どうぞ、主があなたがたに、いつくしみを賜わりますよう。" }, { "key": "Ruth.1.9", "text": "どうぞ、主があなたがたに夫を与え、夫の家で、それぞれ身の落ち着き所を得させられるように」。こう言って、ふたりの嫁に口づけしたので、彼らは声をあげて泣き、" }, { "key": "Ruth.2.1", "text": "さてナオミには、夫エリメレクの一族で、非常に裕福なひとりの親戚があって、その名をボアズといった。" }, { "key": "Ruth.2.10", "text": "彼女は地に伏して拝し、彼に言った、「どうしてあなたは、わたしのような外国人を顧みて、親切にしてくださるのですか」。" }, { "key": "Ruth.2.11", "text": "ボアズは答えて彼女に言った、「あなたの夫が死んでこのかた、あなたがしゅうとめにつくしたこと、また自分の父母と生れた国を離れて、かつて知らなかった民のところにきたことは皆わたしに聞えました。" }, { "key": "Ruth.2.12", "text": "どうぞ、主があなたのしたことに報いられるように。どうぞ、イスラエルの神、主、すなわちあなたがその翼の下に身を寄せようとしてきた主からじゅうぶんの報いを得られるように」。" }, { "key": "Ruth.2.13", "text": "彼女は言った、「わが主よ、まことにありがとうございます。わたしはあなたのはしためのひとりにも及ばないのに、あなたはこんなにわたしを慰め、はしためにねんごろに語られました」。" }, { "key": "Ruth.2.14", "text": "食事の時、ボアズは彼女に言った、「ここへきて、パンを食べ、あなたの食べる物を酢に浸しなさい」。彼女が刈る人々のかたわらにすわったので、ボアズは焼麦を彼女に与えた。彼女は飽きるほど食べて残した。" }, { "key": "Ruth.2.15", "text": "そして彼女がまた穂を拾おうと立ちあがったとき、ボアズは若者たちに命じて言った、「彼女には束の間でも穂を拾わせなさい。とがめてはならない。" }, { "key": "Ruth.2.16", "text": "また彼女のために束からわざと抜き落しておいて拾わせなさい。しかってはならない」。" }, { "key": "Ruth.2.17", "text": "こうして彼女は夕暮まで畑で落ち穂を拾った。そして拾った穂を打つと、大麦は一エパほどあった。" }, { "key": "Ruth.2.18", "text": "彼女はそれを携えて町にはいり、しゅうとめにその拾ったものを見せ、かつ食べ飽きて、残して持ちかえったものを取り出して与えた。" }, { "key": "Ruth.2.19", "text": "しゅうとめは彼女に言った、「あなたは、きょう、どこで穂を拾いましたか。どこで働きましたか。あなたをそのように顧みてくださったかたに、どうか祝福があるように」。そこで彼女は自分がだれの所で働いたかを、しゅうとめに告げて、「わたしが、きょう働いたのはボアズという名の人の所です」と言った。" }, { "key": "Ruth.2.2", "text": "モアブの女ルツはナオミに言った、「どうぞ、わたしを畑に行かせてください。だれか親切な人が見当るならば、わたしはその方のあとについて落ち穂を拾います」。ナオミが彼女に「娘よ、行きなさい」と言ったので、" }, { "key": "Ruth.2.20", "text": "ナオミは嫁に言った、「生きている者をも、死んだ者をも、顧みて、いつくしみを賜わる主が、どうぞその人を祝福されますように」。ナオミはまた彼女に言った、「その人はわたしたちの縁者で、最も近い親戚のひとりです」。" }, { "key": "Ruth.2.21", "text": "モアブの女ルツは言った、「その人はまたわたしに『あなたはわたしのところの刈入れが全部終るまで、わたしのしもべたちのそばについていなさい』と言いました」。" }, { "key": "Ruth.2.22", "text": "ナオミは嫁ルツに言った、「娘よ、その人のところで働く女たちと一緒に出かけるのはけっこうです。そうすればほかの畑で人にいじめられるのを免れるでしょう」。" }, { "key": "Ruth.2.23", "text": "それで彼女はボアズのところで働く女たちのそばについていて穂を拾い、大麦刈と小麦刈の終るまでそうした。こうして彼女はしゅうとめと一緒に暮した。" }, { "key": "Ruth.2.3", "text": "ルツは行って、刈る人たちのあとに従い、畑で落ち穂を拾ったが、彼女ははからずもエリメレクの一族であるボアズの畑の部分にきた。" }, { "key": "Ruth.2.4", "text": "その時ボアズは、ベツレヘムからきて、刈る者どもに言った、「主があなたがたと共におられますように」。彼らは答えた、「主があなたを祝福されますように」。" }, { "key": "Ruth.2.5", "text": "ボアズは刈る人たちを監督しているしもべに言った、「これはだれの娘ですか」。" }, { "key": "Ruth.2.6", "text": "刈る人たちを監督しているしもべは答えた、「あれはモアブの女で、モアブの地からナオミと一緒に帰ってきたのですが、" }, { "key": "Ruth.2.7", "text": "彼女は『どうぞ、わたしに、刈る人たちのあとについて、束のあいだで、落ち穂を拾い集めさせてください』と言いました。そして彼女は朝早くきて、今まで働いて、少しのあいだも休みませんでした」。" }, { "key": "Ruth.2.8", "text": "ボアズはルツに言った、「娘よ、お聞きなさい。ほかの畑に穂を拾いに行ってはいけません。またここを去ってはなりません。わたしのところで働く女たちを離れないで、ここにいなさい。" }, { "key": "Ruth.2.9", "text": "人々が刈りとっている畑に目をとめて、そのあとについて行きなさい。わたしは若者たちに命じて、あなたのじゃまをしないようにと、言っておいたではありませんか。あなたがかわく時には水がめのところへ行って、若者たちのくんだのを飲みなさい」。" }, { "key": "Ruth.3.1", "text": "時にしゅうとめナオミは彼女に言った、「娘よ、わたしはあなたの落ち着き所を求めて、あなたをしあわせにすべきではないでしょうか。" }, { "key": "Ruth.3.10", "text": "ボアズは言った、「娘よ、どうぞ、主があなたを祝福されるように。あなたは貧富にかかわらず若い人に従い行くことはせず、あなたが最後に示したこの親切は、さきに示した親切にまさっています。" }, { "key": "Ruth.3.11", "text": "それで、娘よ、あなたは恐れるにおよびません。あなたが求めることは皆、あなたのためにいたしましょう。わたしの町の人々は皆、あなたがりっぱな女であることを知っているからです。" }, { "key": "Ruth.3.12", "text": "たしかにわたしは近い親戚ではありますが、わたしよりも、もっと近い親戚があります。" }, { "key": "Ruth.3.13", "text": "今夜はここにとどまりなさい。朝になって、もしその人が、あなたのために親戚の義務をつくすならば、よろしい、その人にさせなさい。しかし主は生きておられます。その人が、あなたのために親戚の義務をつくすことを好まないならば、わたしはあなたのために親戚の義務をつくしましょう。朝までここにおやすみなさい」。" }, { "key": "Ruth.3.14", "text": "ルツは朝まで彼の足のところに寝たが、だれかれの見分け難いころに起きあがった。それはボアズが「この女の打ち場にきたことが人に知られてはならない」と言ったからである。" }, { "key": "Ruth.3.15", "text": "そしてボアズは言った、「あなたの着る外套を持ってきて、それを広げなさい」。彼女がそれを広げると、ボアズは大麦六オメルをはかって彼女に負わせた。彼女は町に帰り、" }, { "key": "Ruth.3.16", "text": "しゅうとめのところへ行くと、しゅうとめは言った、「娘よ、どうでしたか」。そこでルツはその人が彼女にしたことをことごとく告げて、" }, { "key": "Ruth.3.17", "text": "言った、「あのかたはわたしに向かって、から手で、しゅうとめのところへ帰ってはならないと言って、この大麦六オメルをわたしにくださいました」。" }, { "key": "Ruth.3.18", "text": "しゅうとめは言った、「娘よ、この事がどうなるかわかるまでお待ちなさい。あの人は、きょう、その事を決定しなければ落ち着かないでしょう」。" }, { "key": "Ruth.3.2", "text": "あなたが一緒に働いた女たちの主人ボアズはわたしたちの親戚ではありませんか。彼は今夜、打ち場で大麦をあおぎ分けます。" }, { "key": "Ruth.3.3", "text": "それであなたは身を洗って油をぬり、晴れ着をまとって打ち場に下って行きなさい。ただ、あなたはその人が飲み食いを終るまで、その人に知られてはなりません。" }, { "key": "Ruth.3.4", "text": "そしてその人が寝る時、その寝る場所を見定め、はいって行って、その足の所をまくって、そこに寝なさい。彼はあなたのすべきことを知らせるでしょう」。" }, { "key": "Ruth.3.5", "text": "ルツはしゅうとめに言った、「あなたのおっしゃることを皆いたしましょう」。" }, { "key": "Ruth.3.6", "text": "こうして彼女は打ち場に下り、すべてしゅうとめが命じたとおりにした。" }, { "key": "Ruth.3.7", "text": "ボアズは飲み食いして、心をたのしませたあとで、麦を積んである場所のかたわらへ行って寝た。そこで彼女はひそかに行き、ボアズの足の所をまくって、そこに寝た。" }, { "key": "Ruth.3.8", "text": "夜中になって、その人は驚き、起きかえって見ると、ひとりの女が足のところに寝ていたので、" }, { "key": "Ruth.3.9", "text": "「あなたはだれですか」と言うと、彼女は答えた、「わたしはあなたのはしためルツです。あなたのすそで、はしためをおおってください。あなたは最も近い親戚です」。" }, { "key": "Ruth.4.1", "text": "ボアズは町の門のところへ上っていって、そこにすわった。すると、さきにボアズが言った親戚の人が通り過ぎようとしたので、ボアズはその人に言った、「友よ、こちらへきて、ここにおすわりください」。彼はきてすわった。" }, { "key": "Ruth.4.10", "text": "またわたしはマロンの妻であったモアブの女ルツをも買って、わたしの妻としました。これはあの死んだ者の名を起してその嗣業を伝え、死んだ者の名がその一族から、またその郷里の門から断絶しないようにするためです。きょうあなたがたは、その証人です」。" }, { "key": "Ruth.4.11", "text": "すると門にいたすべての民と長老たちは言った、「わたしたちは証人です。どうぞ、主があなたの家にはいる女を、イスラエルの家をたてたラケルとレアのふたりのようにされますよう。どうぞ、あなたがエフラタで富を得、ベツレヘムで名を揚げられますように。" }, { "key": "Ruth.4.12", "text": "どうぞ、主がこの若い女によってあなたに賜わる子供により、あなたの家が、かのタマルがユダに産んだペレヅの家のようになりますように」。" }, { "key": "Ruth.4.13", "text": "こうしてボアズはルツをめとって妻とし、彼女のところにはいった。主は彼女をみごもらせられたので、彼女はひとりの男の子を産んだ。" }, { "key": "Ruth.4.14", "text": "そのとき、女たちはナオミに言った、「主はほむべきかな、主はあなたを見捨てずに、きょう、あなたにひとりの近親をお授けになりました。どうぞ、その子の名がイスラエルのうちに高く揚げられますように。" }, { "key": "Ruth.4.15", "text": "彼はあなたのいのちを新たにし、あなたの老年を養う者となるでしょう。あなたを愛するあなたの嫁、七人のむすこにもまさる彼女が彼を産んだのですから」。" }, { "key": "Ruth.4.16", "text": "そこでナオミはその子をとり、ふところに置いて、養い育てた。" }, { "key": "Ruth.4.17", "text": "近所の女たちは「ナオミに男の子が生れた」と言って、彼に名をつけ、その名をオベデと呼んだ。彼はダビデの父であるエッサイの父となった。" }, { "key": "Ruth.4.18", "text": "さてペレヅの子孫は次のとおりである。ペレヅからヘヅロンが生れ、" }, { "key": "Ruth.4.19", "text": "ヘヅロンからラムが生れ、ラムからアミナダブが生れ、" }, { "key": "Ruth.4.2", "text": "ボアズはまた町の長老十人を招いて言った、「ここにおすわりください」。彼らがすわった時、" }, { "key": "Ruth.4.20", "text": "アミナダブからナションが生れ、ナションからサルモンが生れ、" }, { "key": "Ruth.4.21", "text": "サルモンからボアズが生れ、ボアズからオベデが生れ、" }, { "key": "Ruth.4.22", "text": "オベデからエッサイが生れ、エッサイからダビデが生れた。" }, { "key": "Ruth.4.3", "text": "ボアズは親戚の人に言った、「モアブの地から帰ってきたナオミは、われわれの親族エリメレクの地所を売ろうとしています。" }, { "key": "Ruth.4.4", "text": "それでわたしはそのことをあなたに知らせて、ここにすわっている人々と、民の長老たちの前で、それを買いなさいと、あなたに言おうと思いました。もし、あなたが、それをあがなおうと思われるならば、あがなってください。しかし、あなたがそれをあがなわないならば、わたしにそう言って知らせてください。それをあがなう人は、あなたのほかにはなく、わたしはあなたの次ですから」。彼は言った、「わたしがあがないましょう」。" }, { "key": "Ruth.4.5", "text": "そこでボアズは言った、「あなたがナオミの手からその地所を買う時には、死んだ者の妻であったモアブの女ルツをも買って、死んだ者の名を起してその嗣業を伝えなければなりません」。" }, { "key": "Ruth.4.6", "text": "その親戚の人は言った、「それでは、わたしにはあがなうことができません。そんなことをすれば自分の嗣業をそこないます。あなたがわたしに代って、自分であがなってください。わたしはあがなうことができませんから」。" }, { "key": "Ruth.4.7", "text": "むかしイスラエルでは、物をあがなう事と、権利の譲渡について、万事を決定する時のならわしはこうであった。すなわち、その人は、自分のくつを脱いで、相手の人に渡した。これがイスラエルでの証明の方法であった。" }, { "key": "Ruth.4.8", "text": "そこで親戚の人がボアズにむかい「あなたが自分であがないなさい」と言って、そのくつを脱いだので、" }, { "key": "Ruth.4.9", "text": "ボアズは長老たちとすべての民に言った、「あなたがたは、きょう、わたしがエリメレクのすべての物およびキリオンとマロンのすべての物をナオミの手から買いとった事の証人です。" }]
