[{ "key": "Song.1.1", "text": "ソロモンの雅歌" }, { "key": "Song.1.10", "text": "あなたのほおは美しく飾られ、あなたの首は宝石をつらねた首飾で美しい。" }, { "key": "Song.1.11", "text": "われわれは銀を散らした金の飾り物を、あなたのために造ろう。" }, { "key": "Song.1.12", "text": "王がその席に着かれたとき、わたしのナルドはそのかおりを放った。" }, { "key": "Song.1.13", "text": "わが愛する者は、わたしにとっては、わたしの乳ぶさの間にある没薬の袋のようです。" }, { "key": "Song.1.14", "text": "わが愛する者は、わたしにとっては、エンゲデのぶどう園にあるヘンナ樹の花ぶさのようです。" }, { "key": "Song.1.15", "text": "わが愛する者よ、見よ、あなたは美しい、見よ、あなたは美しい、あなたの目ははとのようだ。" }, { "key": "Song.1.16", "text": "わが愛する者よ、見よ、あなたは美しく、まことにりっぱです。わたしたちの床は緑、" }, { "key": "Song.1.17", "text": "わたしたちの家の梁は香柏、そのたるきはいとすぎです。" }, { "key": "Song.1.2", "text": "どうか、あなたの口の口づけをもって、わたしに口づけしてください。あなたの愛はぶどう酒にまさり、" }, { "key": "Song.1.3", "text": "あなたのにおい油はかんばしく、あなたの名は注がれたにおい油のようです。それゆえ、おとめたちはあなたを愛するのです。" }, { "key": "Song.1.4", "text": "あなたのあとについて、行かせてください。わたしたちは急いでまいりましょう。王はわたしをそのへやに連れて行かれた。わたしたちは、あなたによって喜び楽しみ、ぶどう酒にまさって、あなたの愛をほめたたえます。おとめたちは真心をもってあなたを愛します。" }, { "key": "Song.1.5", "text": "エルサレムの娘たちよ、わたしは黒いけれども美しい。ケダルの天幕のように、ソロモンのとばりのように。" }, { "key": "Song.1.6", "text": "わたしが日に焼けているがために、日がわたしを焼いたがために、わたしを見つめてはならない。わが母の子らは怒って、わたしにぶどう園を守らせた。しかし、わたしは自分のぶどう園を守らなかった。" }, { "key": "Song.1.7", "text": "わが魂の愛する者よ、あなたはどこで、あなたの群れを養い、昼の時にどこで、それを休ませるのか、わたしに告げてください。どうして、わたしはさまよう者のように、あなたの仲間の群れのかたわらに、いなければならないのですか。" }, { "key": "Song.1.8", "text": "女のうちの最も美しい者よ、あなたが知らないなら、群れの足跡に従っていって、羊飼たちの天幕のかたわらで、あなたの子やぎを飼いなさい。" }, { "key": "Song.1.9", "text": "わが愛する者よ、わたしはあなたをパロの車の雌馬になぞらえる。" }, { "key": "Song.2.1", "text": "わたしはシャロンのばら、谷のゆりです。" }, { "key": "Song.2.10", "text": "わが愛する者はわたしに語って言う、「わが愛する者よ、わが麗しき者よ、立って、出てきなさい。" }, { "key": "Song.2.11", "text": "見よ、冬は過ぎ、雨もやんで、すでに去り、" }, { "key": "Song.2.12", "text": "もろもろの花は地にあらわれ、鳥のさえずる時がきた。山ばとの声がわれわれの地に聞える。" }, { "key": "Song.2.13", "text": "いちじくの木はその実を結び、ぶどうの木は花咲いて、かんばしいにおいを放つ。わが愛する者よ、わが麗しき者よ、立って、出てきなさい。" }, { "key": "Song.2.14", "text": "岩の裂け目、がけの隠れ場におるわがはとよ、あなたの顔を見せなさい。あなたの声を聞かせなさい。あなたの声は愛らしく、あなたの顔は美しい。" }, { "key": "Song.2.15", "text": "われわれのためにきつねを捕えよ、ぶどう園を荒す小ぎつねを捕えよ、われわれのぶどう園は花盛りだから」と。" }, { "key": "Song.2.16", "text": "わが愛する者はわたしのもの、わたしは彼のもの。彼はゆりの花の中で、その群れを養っている。" }, { "key": "Song.2.17", "text": "わが愛する者よ、日の涼しくなるまで、影の消えるまで、身をかえして出ていって、険しい山々の上で、かもしかのように、若い雄じかのようになってください。" }, { "key": "Song.2.2", "text": "おとめたちのうちにわが愛する者のあるのは、いばらの中にゆりの花があるようだ。" }, { "key": "Song.2.3", "text": "わが愛する者の若人たちの中にあるのは、林の木の中にりんごの木があるようです。わたしは大きな喜びをもって、彼の陰にすわった。彼の与える実はわたしの口に甘かった。" }, { "key": "Song.2.4", "text": "彼はわたしを酒宴の家に連れて行った。わたしの上にひるがえる彼の旗は愛であった。" }, { "key": "Song.2.5", "text": "干ぶどうをもって、わたしに力をつけ、りんごをもって、わたしに元気をつけてください。わたしは愛のために病みわずらっているのです。" }, { "key": "Song.2.6", "text": "どうか、彼の左の手がわたしの頭の下にあり、右の手がわたしを抱いてくれるように。" }, { "key": "Song.2.7", "text": "エルサレムの娘たちよ、わたしは、かもしかと野の雌じかをさして、あなたがたに誓い、お願いする、愛のおのずから起るときまでは、ことさらに呼び起すことも、さますこともしないように。" }, { "key": "Song.2.8", "text": "わが愛する者の声が聞える。見よ、彼は山をとび、丘をおどり越えて来る。" }, { "key": "Song.2.9", "text": "わが愛する者はかもしかのごとく、若い雄じかのようです。見よ、彼はわたしたちの壁のうしろに立ち、窓からのぞき、格子からうかがっている。" }, { "key": "Song.3.1", "text": "わたしは夜、床の上で、わが魂の愛する者をたずねた。わたしは彼をたずねたが、見つからなかった。わたしは彼を呼んだが、答がなかった。" }, { "key": "Song.3.10", "text": "その柱は銀、そのうしろは金、その座は紫の布でつくった。その内部にはエルサレムの娘たちが、愛情をこめてつくった物を張りつけた。" }, { "key": "Song.3.11", "text": "シオンの娘たちよ、出てきてソロモン王を見よ。彼は婚姻の日、心の喜びの日に、その母の彼にかぶらせた冠をいただいている。" }, { "key": "Song.3.2", "text": "「わたしは今起きて、町をまわり歩き、街路や広場で、わが魂の愛する者をたずねよう」と、彼をたずねたが、見つからなかった。" }, { "key": "Song.3.3", "text": "町をまわり歩く夜回りたちに出会ったので、「あなたがたは、わが魂の愛する者を見ましたか」と尋ねた。" }, { "key": "Song.3.4", "text": "わたしが彼らと別れて行くとすぐ、わが魂の愛する者に出会った。わたしは彼を引き留めて行かせず、ついにわが母の家につれて行き、わたしを産んだ者のへやにはいった。" }, { "key": "Song.3.5", "text": "エルサレムの娘たちよ、わたしは、かもしかと野の雌じかをさして、あなたがたに誓い、お願いする、愛のおのずから起るときまでは、ことさらに呼び起すことも、さますこともしないように。" }, { "key": "Song.3.6", "text": "没薬、乳香など、商人のもろもろの香料をもって、かおりを放ち、煙の柱のように、荒野から上って来るものは何か。" }, { "key": "Song.3.7", "text": "見よ、あれはソロモンの乗物で、六十人の勇士がそのまわりにいる。イスラエルの勇士で、" }, { "key": "Song.3.8", "text": "皆、つるぎをとり、戦いをよくし、おのおの腰に剣を帯びて、夜の危険に備えている。" }, { "key": "Song.3.9", "text": "ソロモン王はレバノンの木をもって、自分のために輿をつくった。" }, { "key": "Song.4.1", "text": "わが愛する者よ、見よ、あなたは美しい、見よ、あなたは美しい。あなたの目は、顔おおいのうしろにあって、はとのようだ。あなたの髪はギレアデの山を下るやぎの群れのようだ。" }, { "key": "Song.4.10", "text": "わが妹、わが花嫁よ、あなたの愛は、なんと麗しいことであろう。あなたの愛はぶどう酒よりも、あなたの香油のかおりはすべての香料よりも、いかにすぐれていることであろう。" }, { "key": "Song.4.11", "text": "わが花嫁よ、あなたのくちびるは甘露をしたたらせ、あなたの舌の下には、蜜と乳とがある。あなたの衣のかおりはレバノンのかおりのようだ。" }, { "key": "Song.4.12", "text": "わが妹、わが花嫁は閉じた園、閉じた園、封じた泉のようだ。" }, { "key": "Song.4.13", "text": "あなたの産み出す物は、もろもろの良き実をもつざくろの園、ヘンナおよびナルド、" }, { "key": "Song.4.14", "text": "ナルド、さふらん、しょうぶ、肉桂、さまざまの乳香の木、没薬、ろかい、およびすべての尊い香料である。" }, { "key": "Song.4.15", "text": "あなたは園の泉、生ける水の井、またレバノンから流れ出る川である。" }, { "key": "Song.4.16", "text": "北風よ、起れ、南風よ、きたれ。わが園を吹いて、そのかおりを広く散らせ。わが愛する者がその園にはいってきて、その良い実を食べるように。" }, { "key": "Song.4.2", "text": "あなたの歯は洗い場から上ってきた毛を切られた雌羊の群れのようだ。みな二子を産んで、一匹も子のないものはない。" }, { "key": "Song.4.3", "text": "あなたのくちびるは紅の糸のようで、その口は愛らしい。あなたのほおは顔おおいのうしろにあって、ざくろの片われのようだ。" }, { "key": "Song.4.4", "text": "あなたの首は武器倉のために建てたダビデのやぐらのようだ。その上には一千の盾を掛けつらね、みな勇士の大盾である。" }, { "key": "Song.4.5", "text": "あなたの両乳ぶさは、かもしかの二子である二匹の子じかが、ゆりの花の中に草を食べているようだ。" }, { "key": "Song.4.6", "text": "日の涼しくなるまで、影の消えるまで、わたしは没薬の山および乳香の丘へ急ぎ行こう。" }, { "key": "Song.4.7", "text": "わが愛する者よ、あなたはことごとく美しく、少しのきずもない。" }, { "key": "Song.4.8", "text": "わが花嫁よ、レバノンからわたしと一緒にきなさい、レバノンからわたしと一緒にきなさい。アマナの頂を去り、セニルおよびヘルモンの頂を去り、ししの穴、ひょうの山を去りなさい。" }, { "key": "Song.4.9", "text": "わが妹、わが花嫁よ、あなたはわたしの心を奪った。あなたはただひと目で、あなたの首飾のひと玉で、わたしの心を奪った。" }, { "key": "Song.5.1", "text": "わが妹、わが花嫁よ、わたしはわが園にはいって、わが没薬と香料とを集め、わが蜜蜂の巣と、蜜とを食べ、わがぶどう酒と乳とを飲む。" }, { "key": "Song.5.10", "text": "わが愛する者は白く輝き、かつ赤く、万人にぬきんで、" }, { "key": "Song.5.11", "text": "その頭は純金のように、その髪の毛はうねっていて、からすのように黒い。" }, { "key": "Song.5.12", "text": "その目は泉のほとりのはとのように、乳で洗われて、良く落ち着いている。" }, { "key": "Song.5.13", "text": "そのほおは、かんばしい花の床のように、かおりを放ち、そのくちびるは、ゆりの花のようで、没薬の液をしたたらす。" }, { "key": "Song.5.14", "text": "その手は宝石をはめた金の円筒のごとく、そのからだはサファイヤをもっておおった象牙の細工のごとく、" }, { "key": "Song.5.15", "text": "その足のすねは金の台の上にすえた大理石の柱のごとく、その姿はレバノンのごとく、香柏のようで、美しい。" }, { "key": "Song.5.16", "text": "その言葉は、はなはだ美しく、彼はことごとく麗しい。エルサレムの娘たちよ、これがわが愛する者、これがわが友なのです。" }, { "key": "Song.5.2", "text": "わたしは眠っていたが、心はさめていた。聞きなさい、わが愛する者が戸をたたいている。「わが妹、わが愛する者、わがはと、わが全き者よ、あけてください。わたしの頭は露でぬれ、わたしの髪の毛は夜露でぬれている」と言う。" }, { "key": "Song.5.3", "text": "わたしはすでに着物を脱いだ、どうしてまた着られようか。すでに足を洗った、どうしてまた、よごせようか。" }, { "key": "Song.5.4", "text": "わが愛する者が掛けがねに手をかけたので、わが心は内におどった。" }, { "key": "Song.5.5", "text": "わたしが起きて、わが愛する者のためにあけようとしたとき、わたしの手から没薬がしたたり、わたしの指から没薬の液が流れて、貫の木の取手の上に落ちた。" }, { "key": "Song.5.6", "text": "わたしはわが愛する者のために開いたが、わが愛する者はすでに帰り去った。彼が帰り去ったとき、わが心は力を失った。わたしは尋ねたけれども見つからず、呼んだけれども答がなかった。" }, { "key": "Song.5.7", "text": "町をまわり歩く夜回りらはわたしを見ると、撃って傷つけ、城壁を守る者らは、わたしの上着をはぎ取った。" }, { "key": "Song.5.8", "text": "エルサレムの娘たちよ、わたしはあなたがたに誓って、お願いする。もしわが愛する者を見たなら、わたしが愛のために病みわずらっていると、彼に告げてください。" }, { "key": "Song.5.9", "text": "女のうちの最も美しい者よ、あなたの愛する者は、ほかの人の愛する者に、なんのまさるところがあるか。あなたの愛する者は、ほかの人の愛する者に、なんのまさるところがあって、そのように、わたしたちに誓い、願うのか。" }, { "key": "Song.6.1", "text": "女のうちの最も美しい者よ、あなたの愛する者はどこへ行ったか。あなたの愛する者はどこへおもむいたか。わたしたちはあなたと一緒にたずねよう。" }, { "key": "Song.6.10", "text": "「このしののめのように見え、月のように美しく、太陽のように輝き、恐るべき事、旗を立てた軍勢のような者はだれか」。" }, { "key": "Song.6.11", "text": "わたしは谷の花を見、ぶどうが芽ざしたか、ざくろの花が咲いたかを見ようと、くるみの園へ下っていった。" }, { "key": "Song.6.12", "text": "わたしの知らないうちに、わたしの思いは、わたしを車の中のわが君のかたわらにおらせた。" }, { "key": "Song.6.13", "text": "帰れ、帰れ、シュラムの女よ、帰れ、帰れ、わたしたちはあなたを見たいものだ。" }, { "key": "Song.6.2", "text": "わが愛する者は園の中で、群れを飼い、またゆりの花を取るために自分の園に下り、かんばしい花の床へ行きました。" }, { "key": "Song.6.3", "text": "わたしはわが愛する人のもの、わが愛する者はわたしのものです。彼はゆりの花の中で、その群れを飼っています。" }, { "key": "Song.6.4", "text": "わが愛する者よ、あなたは美しいことテルザのごとく、麗しいことエルサレムのごとく、恐るべきこと旗を立てた軍勢のようだ。" }, { "key": "Song.6.5", "text": "あなたの目はわたしを恐れさせるゆえ、わたしからそむけてください。あなたの髪はギレアデの山を下るやぎの群れのようだ。" }, { "key": "Song.6.6", "text": "あなたの歯は洗い場から上ってきた雌羊の群れのようだ。みな二子を産んで、一匹も子のないものはない。" }, { "key": "Song.6.7", "text": "あなたのほおは顔おおいのうしろにあって、ざくろの片われのようだ。" }, { "key": "Song.6.8", "text": "王妃は六十人、そばめは八十人、また数しれぬおとめがいる。" }, { "key": "Song.6.9", "text": "わがはと、わが全き者はただひとり、彼女は母のひとり子、彼女を産んだ者の最愛の者だ。おとめたちは彼女を見て、さいわいな者ととなえ、王妃たち、そばめたちもまた、彼女を見て、ほめた。" }, { "key": "Song.7.1", "text": "女王のような娘よ、あなたの足は、くつの中にあって、なんと麗しいことであろう。あなたのももは、まろやかで、玉のごとく、名人の手のわざのようだ。" }, { "key": "Song.7.10", "text": "わたしはわが愛する人のもの、彼はわたしを恋い慕う。" }, { "key": "Song.7.11", "text": "わが愛する者よ、さあ、わたしたちはいなかへ出ていって、村里に宿りましょう。" }, { "key": "Song.7.12", "text": "わたしたちは早く起き、ぶどう園へ行って、ぶどうの木が芽ざしたか、ぶどうの花が咲いたか、ざくろが花咲いたかを見ましょう。その所で、わたしはわが愛をあなたに与えます。" }, { "key": "Song.7.13", "text": "恋なすは、かおりを放ち、もろもろの良きくだものは、新しいのも古いのも共にわたしたちの戸の上にある。わが愛する者よ、わたしはこれをあなたのためにたくわえました。" }, { "key": "Song.7.2", "text": "あなたのほぞは、混ぜたぶどう酒を欠くことのない丸い杯のごとく、あなたの腹は、ゆりの花で囲まれた山盛りの麦のようだ。" }, { "key": "Song.7.3", "text": "あなたの両乳ぶさは、かもしかの二子である二匹の子じかのようだ。" }, { "key": "Song.7.4", "text": "あなたの首は象牙のやぐらのごとく、あなたの目は、バテラビムの門のほとりにあるヘシボンの池のごとく、あなたの鼻は、ダマスコを見おろすレバノンのやぐらのようだ。" }, { "key": "Song.7.5", "text": "あなたの頭は、カルメルのようにあなたを飾り、髪の毛は紫色のようで、王はそのたれ髪に捕われた。" }, { "key": "Song.7.6", "text": "愛する者よ、快活なおとめよ、あなたはなんと美しく愛すべき者であろう。" }, { "key": "Song.7.7", "text": "あなたはなつめやしの木のように威厳があり、あなたの乳ぶさはそのふさのようだ。" }, { "key": "Song.7.8", "text": "わたしは言う、「このなつめやしの木にのぼり、その枝に取りつこう。どうか、あなたの乳ぶさが、ぶどうのふさのごとく、あなたの息のにおいがりんごのごとく、" }, { "key": "Song.7.9", "text": "あなたの口づけが、なめらかに流れ下る良きぶどう酒のごとく、くちびると歯の上をすべるように」と。" }, { "key": "Song.8.1", "text": "どうか、あなたは、わが母の乳ぶさを吸ったわが兄弟のようになってください。わたしがそとであなたに会うとき、あなたに口づけしても、だれもわたしをいやしめないでしょう。" }, { "key": "Song.8.10", "text": "わたしは城壁、わたしの乳ぶさは、やぐらのようでありました。それでわたしは彼の目には、平和をもたらす者のようでありました。" }, { "key": "Song.8.11", "text": "ソロモンはバアルハモンにぶどう園をもっていた。彼はぶどう園を、守る者どもにあずけて、おのおのその実のために銀一千を納めさせた。" }, { "key": "Song.8.12", "text": "わたしのものであるぶどう園は、わたしの前にある。ソロモンよ、あなたは一千を獲るでしょう、その実を守る者どもは二百を獲るでしょう。" }, { "key": "Song.8.13", "text": "園の中に住む者よ、わたしの友だちはあなたの声に耳を傾けます、どうぞ、それをわたしに聞かせてください。" }, { "key": "Song.8.14", "text": "わが愛する者よ、急いでください。かんばしい山々の上で、かもしかのように、また若い雄じかのようになってください。" }, { "key": "Song.8.2", "text": "わたしはあなたを導いて、わが母の家に行き、わたしを産んだ者のへやにはいり、香料のはいったぶどう酒、ざくろの液を、あなたに飲ませましょう。" }, { "key": "Song.8.3", "text": "どうか、彼の左の手がわたしの頭の下にあり、右の手がわたしを抱いてくれるように。" }, { "key": "Song.8.4", "text": "エルサレムの娘たちよ、わたしはあなたがたに誓い、お願いする、愛のおのずから起るときまでは、ことさらに呼び起すことも、さますこともしないように。" }, { "key": "Song.8.5", "text": "自分の愛する者によりかかって、荒野から上って来る者はだれですか。" }, { "key": "Song.8.6", "text": "わたしをあなたの心に置いて印のようにし、あなたの腕に置いて印のようにしてください。愛は死のように強く、ねたみは墓のように残酷だからです。そのきらめきは火のきらめき、最もはげしい炎です。" }, { "key": "Song.8.7", "text": "愛は大水も消すことができない、洪水もおぼれさせることができない。もし人がその家の財産をことごとく与えて、愛に換えようとするならば、いたくいやしめられるでしょう。" }, { "key": "Song.8.8", "text": "わたしたちに小さい妹がある、まだ乳ぶさがない。わたしたちの妹に縁談のある日には、彼女のために何をしてやろうか。" }, { "key": "Song.8.9", "text": "彼女が城壁であるなら、その上に銀の塔を建てよう。彼女が戸であるなら、香柏の板でそれを囲もう。" }]
