[{ "key": "2Thess.1.1", "text": "パウロとシルワノとテモテから、わたしたちの父なる神と主イエス・キリストとにあるテサロニケ人たちの教会へ。" }, { "key": "2Thess.1.10", "text": "その日に、イエスは下ってこられ、聖徒たちの中であがめられ、すべて信じる者たちの間で驚嘆されるであろう――わたしたちのこのあかしは、あなたがたによって信じられているのである。" }, { "key": "2Thess.1.11", "text": "このためにまた、わたしたちは、わたしたちの神があなたがたを召しにかなう者となし、善に対するあらゆる願いと信仰の働きとを力強く満たして下さるようにと、あなたがたのために絶えず祈っている。" }, { "key": "2Thess.1.12", "text": "それは、わたしたちの神と主イエス・キリストとの恵みによって、わたしたちの主イエスの御名があなたがたの間であがめられ、あなたがたも主にあって栄光を受けるためである。" }, { "key": "2Thess.1.2", "text": "父なる神と主イエス・キリストから、恵みと平安とが、あなたがたにあるように。" }, { "key": "2Thess.1.3", "text": "兄弟たちよ。わたしたちは、いつもあなたがたのことを神に感謝せずにはおられない。またそうするのが当然である。それは、あなたがたの信仰が大いに成長し、あなたがたひとりびとりの愛が、お互の間に増し加わっているからである。" }, { "key": "2Thess.1.4", "text": "そのために、わたしたち自身は、あなたがたがいま受けているあらゆる迫害と患難とのただ中で示している忍耐と信仰とにつき、神の諸教会に対してあなたがたを誇としている。" }, { "key": "2Thess.1.5", "text": "これは、あなたがたを、神の国にふさわしい者にしようとする神のさばきが正しいことを、証拠だてるものである。その神の国のために、あなたがたも苦しんでいるのである。" }, { "key": "2Thess.1.6", "text": "すなわち、あなたがたを悩ます者には患難をもって報い、悩まされているあなたがたには、わたしたちと共に、休息をもって報いて下さるのが、神にとって正しいことだからである。" }, { "key": "2Thess.1.7", "text": "それは、主イエスが炎の中で力ある天使たちを率いて天から現れる時に実現する。" }, { "key": "2Thess.1.8", "text": "その時、主は神を認めない者たちや、わたしたちの主イエスの福音に聞き従わない者たちに報復し、" }, { "key": "2Thess.1.9", "text": "そして、彼らは主のみ顔とその力の栄光から退けられて、永遠の滅びに至る刑罰を受けるであろう。" }, { "key": "2Thess.2.1", "text": "さて兄弟たちよ。わたしたちの主イエス・キリストの来臨と、わたしたちがみもとに集められることとについて、あなたがたにお願いすることがある。" }, { "key": "2Thess.2.10", "text": "また、あらゆる不義の惑わしとを、滅ぶべき者どもに対して行うためである。彼らが滅びるのは、自分らの救となるべき真理に対する愛を受けいれなかった報いである。" }, { "key": "2Thess.2.11", "text": "そこで神は、彼らが偽りを信じるように、迷わす力を送り、" }, { "key": "2Thess.2.12", "text": "こうして、真理を信じないで不義を喜んでいたすべての人を、さばくのである。" }, { "key": "2Thess.2.13", "text": "しかし、主に愛されている兄弟たちよ。わたしたちはいつもあなたがたのことを、神に感謝せずにはおられない。それは、神があなたがたを初めから選んで、御霊によるきよめと、真理に対する信仰とによって、救を得させようとし、" }, { "key": "2Thess.2.14", "text": "そのために、わたしたちの福音によりあなたがたを召して、わたしたちの主イエス・キリストの栄光にあずからせて下さるからである。" }, { "key": "2Thess.2.15", "text": "そこで、兄弟たちよ。堅く立って、わたしたちの言葉や手紙で教えられた言伝えを、しっかりと守り続けなさい。" }, { "key": "2Thess.2.16", "text": "どうか、わたしたちの主イエス・キリストご自身と、わたしたちを愛し、恵みをもって永遠の慰めと確かな望みとを賜わるわたしたちの父なる神とが、" }, { "key": "2Thess.2.17", "text": "あなたがたの心を励まし、あなたがたを強めて、すべての良いわざを行い、正しい言葉を語る者として下さるように。" }, { "key": "2Thess.2.2", "text": "霊により、あるいは言葉により、あるいはわたしたちから出たという手紙によって、主の日はすでにきたとふれまわる者があっても、すぐさま心を動かされたり、あわてたりしてはいけない。" }, { "key": "2Thess.2.3", "text": "だれがどんな事をしても、それにだまされてはならない。まず背教のことが起り、不法の者、すなわち、滅びの子が現れるにちがいない。" }, { "key": "2Thess.2.4", "text": "彼は、すべて神と呼ばれたり拝まれたりするものに反抗して立ち上がり、自ら神の宮に座して、自分は神だと宣言する。" }, { "key": "2Thess.2.5", "text": "わたしがまだあなたがたの所にいた時、これらの事をくり返して言ったのを思い出さないのか。" }, { "key": "2Thess.2.6", "text": "そして、あなたがたが知っているとおり、彼が自分に定められた時になってから現れるように、いま彼を阻止しているものがある。" }, { "key": "2Thess.2.7", "text": "不法の秘密の力が、すでに働いているのである。ただそれは、いま阻止している者が取り除かれる時までのことである。" }, { "key": "2Thess.2.8", "text": "その時になると、不法の者が現れる。この者を、主イエスは口の息をもって殺し、来臨の輝きによって滅ぼすであろう。" }, { "key": "2Thess.2.9", "text": "不法の者が来るのは、サタンの働きによるのであって、あらゆる偽りの力と、しるしと、不思議と、" }, { "key": "2Thess.3.1", "text": "最後に、兄弟たちよ。わたしたちのために祈ってほしい。どうか主の言葉が、あなたがたの所と同じように、ここでも早く広まり、また、あがめられるように。" }, { "key": "2Thess.3.10", "text": "また、あなたがたの所にいた時に、「働こうとしない者は、食べることもしてはならない」と命じておいた。" }, { "key": "2Thess.3.11", "text": "ところが、聞くところによると、あなたがたのうちのある者は怠惰な生活を送り、働かないで、ただいたずらに動きまわっているとのことである。" }, { "key": "2Thess.3.12", "text": "こうした人々に対しては、静かに働いて自分で得たパンを食べるように、主イエス・キリストによって命じまた勧める。" }, { "key": "2Thess.3.13", "text": "兄弟たちよ。あなたがたは、たゆまずに良い働きをしなさい。" }, { "key": "2Thess.3.14", "text": "もしこの手紙にしるしたわたしたちの言葉に聞き従わない人があれば、そのような人には注意をして、交際しないがよい。彼が自ら恥じるようになるためである。" }, { "key": "2Thess.3.15", "text": "しかし、彼を敵のように思わないで、兄弟として訓戒しなさい。" }, { "key": "2Thess.3.16", "text": "どうか、平和の主ご自身が、いついかなる場合にも、あなたがたに平和を与えて下さるように。主があなたがた一同と共におられるように。" }, { "key": "2Thess.3.17", "text": "ここでパウロ自身が、手ずからあいさつを書く。これは、わたしのどの手紙にも書く印である。わたしは、このように書く。" }, { "key": "2Thess.3.18", "text": "どうか、わたしたちの主イエス・キリストの恵みが、あなたがた一同と共にあるように。" }, { "key": "2Thess.3.2", "text": "また、どうか、わたしたちが不都合な悪人から救われるように。事実、すべての人が信仰を持っているわけではない。" }, { "key": "2Thess.3.3", "text": "しかし、主は真実なかたであるから、あなたがたを強め、悪しき者から守って下さるであろう。" }, { "key": "2Thess.3.4", "text": "わたしたちが命じる事を、あなたがたは現に実行しており、また、実行するであろうと、わたしたちは、主にあって確信している。" }, { "key": "2Thess.3.5", "text": "どうか、主があなたがたの心を導いて、神の愛とキリストの忍耐とを持たせて下さるように。" }, { "key": "2Thess.3.6", "text": "兄弟たちよ。主イエス・キリストの名によってあなたがたに命じる。怠惰な生活をして、わたしたちから受けた言伝えに従わないすべての兄弟たちから、遠ざかりなさい。" }, { "key": "2Thess.3.7", "text": "わたしたちに、どうならうべきであるかは、あなたがた自身が知っているはずである。あなたがたの所にいた時には、わたしたちは怠惰な生活をしなかったし、" }, { "key": "2Thess.3.8", "text": "人からパンをもらって食べることもしなかった。それどころか、あなたがたのだれにも負担をかけまいと、日夜、労苦し努力して働き続けた。" }, { "key": "2Thess.3.9", "text": "それは、わたしたちにその権利がないからではなく、ただわたしたちにあなたがたが見習うように、身をもって模範を示したのである。" }]
