[{ "key": "Col.1.1", "text": "神の御旨によるキリスト・イエスの使徒パウロと兄弟テモテから、" }, { "key": "Col.1.10", "text": "主のみこころにかなった生活をして真に主を喜ばせ、あらゆる良いわざを行って実を結び、神を知る知識をいよいよ増し加えるに至ることである。" }, { "key": "Col.1.11", "text": "更にまた祈るのは、あなたがたが、神の栄光の勢いにしたがって賜わるすべての力によって強くされ、何事も喜んで耐えかつ忍び、" }, { "key": "Col.1.12", "text": "光のうちにある聖徒たちの特権にあずかるに足る者とならせて下さった父なる神に、感謝することである。" }, { "key": "Col.1.13", "text": "神は、わたしたちをやみの力から救い出して、その愛する御子の支配下に移して下さった。" }, { "key": "Col.1.14", "text": "わたしたちは、この御子によってあがない、すなわち、罪のゆるしを受けているのである。" }, { "key": "Col.1.15", "text": "御子は、見えない神のかたちであって、すべての造られたものに先だって生れたかたである。" }, { "key": "Col.1.16", "text": "万物は、天にあるものも地にあるものも、見えるものも見えないものも、位も主権も、支配も権威も、みな御子にあって造られたからである。これらいっさいのものは、御子によって造られ、御子のために造られたのである。" }, { "key": "Col.1.17", "text": "彼は万物よりも先にあり、万物は彼にあって成り立っている。" }, { "key": "Col.1.18", "text": "そして自らは、そのからだなる教会のかしらである。彼は初めの者であり、死人の中から最初に生れたかたである。それは、ご自身がすべてのことにおいて第一の者となるためである。" }, { "key": "Col.1.19", "text": "神は、御旨によって、御子のうちにすべての満ちみちた徳を宿らせ、" }, { "key": "Col.1.2", "text": "コロサイにいる、キリストにある聖徒たち、忠実な兄弟たちへ。" }, { "key": "Col.1.20", "text": "そして、その十字架の血によって平和をつくり、万物、すなわち、地にあるもの、天にあるものを、ことごとく、彼によってご自分と和解させて下さったのである。" }, { "key": "Col.1.21", "text": "あなたがたも、かつては悪い行いをして神から離れ、心の中で神に敵対していた。" }, { "key": "Col.1.22", "text": "しかし今では、御子はその肉のからだにより、その死をとおして、あなたがたを神と和解させ、あなたがたを聖なる、傷のない、責められるところのない者として、みまえに立たせて下さったのである。" }, { "key": "Col.1.23", "text": "ただし、あなたがたは、ゆるぐことがなく、しっかりと信仰にふみとどまり、すでに聞いている福音の望みから移り行くことのないようにすべきである。この福音は、天の下にあるすべての造られたものに対して宣べ伝えられたものであって、それにこのパウロが奉仕しているのである。" }, { "key": "Col.1.24", "text": "今わたしは、あなたがたのための苦難を喜んで受けており、キリストのからだなる教会のために、キリストの苦しみのなお足りないところを、わたしの肉体をもって補っている。" }, { "key": "Col.1.25", "text": "わたしは、神の言を告げひろめる務を、あなたがたのために神から与えられているが、そのために教会に奉仕する者になっているのである。" }, { "key": "Col.1.26", "text": "その言の奥義は、代々にわたってこの世から隠されていたが、今や神の聖徒たちに明らかにされたのである。" }, { "key": "Col.1.27", "text": "神は彼らに、異邦人の受くべきこの奥義が、いかに栄光に富んだものであるかを、知らせようとされたのである。この奥義は、あなたがたのうちにいますキリストであり、栄光の望みである。" }, { "key": "Col.1.28", "text": "わたしたちはこのキリストを宣べ伝え、知恵をつくしてすべての人を訓戒し、また、すべての人を教えている。それは、彼らがキリストにあって全き者として立つようになるためである。" }, { "key": "Col.1.29", "text": "わたしはこのために、わたしのうちに力強く働いておられるかたの力により、苦闘しながら努力しているのである。" }, { "key": "Col.1.3", "text": "わたしたちは、いつもあなたがたのために祈り、わたしたちの主イエス・キリストの父なる神に感謝している。" }, { "key": "Col.1.4", "text": "これは、キリスト・イエスに対するあなたがたの信仰と、すべての聖徒に対していだいているあなたがたの愛とを、耳にしたからである。" }, { "key": "Col.1.5", "text": "この愛は、あなたがたのために天にたくわえられている望みに基くものであり、その望みについては、あなたがたはすでに、あなたがたのところまで伝えられた福音の真理の言葉によって聞いている。" }, { "key": "Col.1.6", "text": "そして、この福音は、世界中いたる所でそうであるように、あなたがたのところでも、これを聞いて神の恵みを知ったとき以来、実を結んで成長しているのである。" }, { "key": "Col.1.7", "text": "あなたがたはこの福音を、わたしたちと同じ僕である、愛するエペフラスから学んだのであった。彼はあなたがたのためのキリストの忠実な奉仕者であって、" }, { "key": "Col.1.8", "text": "あなたがたが御霊によっていだいている愛を、わたしたちに知らせてくれたのである。" }, { "key": "Col.1.9", "text": "そういうわけで、これらの事を耳にして以来、わたしたちも絶えずあなたがたのために祈り求めているのは、あなたがたがあらゆる霊的な知恵と理解力とをもって、神の御旨を深く知り、" }, { "key": "Col.2.1", "text": "わたしが、あなたがたとラオデキヤにいる人たちのため、また、直接にはまだ会ったことのない人々のために、どんなに苦闘しているか、わかってもらいたい。" }, { "key": "Col.2.10", "text": "そしてあなたがたは、キリストにあって、それに満たされているのである。彼はすべての支配と権威とのかしらであり、" }, { "key": "Col.2.11", "text": "あなたがたはまた、彼にあって、手によらない割礼、すなわち、キリストの割礼を受けて、肉のからだを脱ぎ捨てたのである。" }, { "key": "Col.2.12", "text": "あなたがたはバプテスマを受けて彼と共に葬られ、同時に、彼を死人の中からよみがえらせた神の力を信じる信仰によって、彼と共によみがえらされたのである。" }, { "key": "Col.2.13", "text": "あなたがたは、先には罪の中にあり、かつ肉の割礼がないままで死んでいた者であるが、神は、あなたがたをキリストと共に生かし、わたしたちのいっさいの罪をゆるして下さった。" }, { "key": "Col.2.14", "text": "神は、わたしたちを責めて不利におとしいれる証書を、その規定もろともぬり消し、これを取り除いて、十字架につけてしまわれた。" }, { "key": "Col.2.15", "text": "そして、もろもろの支配と権威との武装を解除し、キリストにあって凱旋し、彼らをその行列に加えて、さらしものとされたのである。" }, { "key": "Col.2.16", "text": "だから、あなたがたは、食物と飲み物とにつき、あるいは祭や新月や安息日などについて、だれにも批評されてはならない。" }, { "key": "Col.2.17", "text": "これらは、きたるべきものの影であって、その本体はキリストにある。" }, { "key": "Col.2.18", "text": "あなたがたは、わざとらしい謙そんと天使礼拝とにおぼれている人々から、いろいろと悪評されてはならない。彼らは幻を見たことを重んじ、肉の思いによっていたずらに誇るだけで、" }, { "key": "Col.2.19", "text": "キリストなるかしらに、しっかりと着くことをしない。このかしらから出て、からだ全体は、節と節、筋と筋とによって強められ結び合わされ、神に育てられて成長していくのである。" }, { "key": "Col.2.2", "text": "それは彼らが、心を励まされ、愛によって結び合わされ、豊かな理解力を十分に与えられ、神の奥義なるキリストを知るに至るためである。" }, { "key": "Col.2.20", "text": "もしあなたがたが、キリストと共に死んで世のもろもろの霊力から離れたのなら、なぜ、なおこの世に生きているもののように、" }, { "key": "Col.2.21", "text": "「さわるな、味わうな、触れるな」などという規定に縛られているのか。" }, { "key": "Col.2.22", "text": "これらは皆、使えば尽きてしまうもの、人間の規定や教によっているものである。" }, { "key": "Col.2.23", "text": "これらのことは、ひとりよがりの礼拝とわざとらしい謙そんと、からだの苦行とをともなうので、知恵のあるしわざらしく見えるが、実は、ほしいままな肉欲を防ぐのに、なんの役にも立つものではない。" }, { "key": "Col.2.3", "text": "キリストのうちには、知恵と知識との宝が、いっさい隠されている。" }, { "key": "Col.2.4", "text": "わたしがこう言うのは、あなたがたが、だれにも巧みな言葉で迷わされることのないためである。" }, { "key": "Col.2.5", "text": "たとい、わたしは肉体においては離れていても、霊においてはあなたがたと一緒にいて、あなたがたの秩序正しい様子とキリストに対するあなたがたの強固な信仰とを見て、喜んでいる。" }, { "key": "Col.2.6", "text": "このように、あなたがたは主キリスト・イエスを受けいれたのだから、彼にあって歩きなさい。" }, { "key": "Col.2.7", "text": "また、彼に根ざし、彼にあって建てられ、そして教えられたように、信仰が確立されて、あふれるばかり感謝しなさい。" }, { "key": "Col.2.8", "text": "あなたがたは、むなしいだましごとの哲学で、人のとりこにされないように、気をつけなさい。それはキリストに従わず、世のもろもろの霊力に従う人間の言伝えに基くものにすぎない。" }, { "key": "Col.2.9", "text": "キリストにこそ、満ちみちているいっさいの神の徳が、かたちをとって宿っており、" }, { "key": "Col.3.1", "text": "このように、あなたがたはキリストと共によみがえらされたのだから、上にあるものを求めなさい。そこではキリストが神の右に座しておられるのである。" }, { "key": "Col.3.10", "text": "造り主のかたちに従って新しくされ、真の知識に至る新しき人を着たのである。" }, { "key": "Col.3.11", "text": "そこには、もはやギリシヤ人とユダヤ人、割礼と無割礼、未開の人、スクテヤ人、奴隷、自由人の差別はない。キリストがすべてであり、すべてのもののうちにいますのである。" }, { "key": "Col.3.12", "text": "だから、あなたがたは、神に選ばれた者、聖なる、愛されている者であるから、あわれみの心、慈愛、謙そん、柔和、寛容を身に着けなさい。" }, { "key": "Col.3.13", "text": "互に忍びあい、もし互に責むべきことがあれば、ゆるし合いなさい。主もあなたがたをゆるして下さったのだから、そのように、あなたがたもゆるし合いなさい。" }, { "key": "Col.3.14", "text": "これらいっさいのものの上に、愛を加えなさい。愛は、すべてを完全に結ぶ帯である。" }, { "key": "Col.3.15", "text": "キリストの平和が、あなたがたの心を支配するようにしなさい。あなたがたが召されて一体となったのは、このためでもある。いつも感謝していなさい。" }, { "key": "Col.3.16", "text": "キリストの言葉を、あなたがたのうちに豊かに宿らせなさい。そして、知恵をつくして互に教えまた訓戒し、詩とさんびと霊の歌とによって、感謝して心から神をほめたたえなさい。" }, { "key": "Col.3.17", "text": "そして、あなたのすることはすべて、言葉によるとわざによるとを問わず、いっさい主イエスの名によってなし、彼によって父なる神に感謝しなさい。" }, { "key": "Col.3.18", "text": "妻たる者よ、夫に仕えなさい。それが、主にある者にふさわしいことである。" }, { "key": "Col.3.19", "text": "夫たる者よ、妻を愛しなさい。つらくあたってはいけない。" }, { "key": "Col.3.2", "text": "あなたがたは上にあるものを思うべきであって、地上のものに心を引かれてはならない。" }, { "key": "Col.3.20", "text": "子たる者よ、何事についても両親に従いなさい。これが主に喜ばれることである。" }, { "key": "Col.3.21", "text": "父たる者よ、子供をいらだたせてはいけない。心がいじけるかも知れないから。" }, { "key": "Col.3.22", "text": "僕たる者よ、何事についても、肉による主人に従いなさい。人にへつらおうとして、目先だけの勤めをするのではなく、真心をこめて主を恐れつつ、従いなさい。" }, { "key": "Col.3.23", "text": "何をするにも、人に対してではなく、主に対してするように、心から働きなさい。" }, { "key": "Col.3.24", "text": "あなたがたが知っているとおり、あなたがたは御国をつぐことを、報いとして主から受けるであろう。あなたがたは、主キリストに仕えているのである。" }, { "key": "Col.3.25", "text": "不正を行う者は、自分の行った不正に対して報いを受けるであろう。それには差別扱いはない。" }, { "key": "Col.3.3", "text": "あなたがたはすでに死んだものであって、あなたがたのいのちは、キリストと共に神のうちに隠されているのである。" }, { "key": "Col.3.4", "text": "わたしたちのいのちなるキリストが現れる時には、あなたがたも、キリストと共に栄光のうちに現れるであろう。" }, { "key": "Col.3.5", "text": "だから、地上の肢体、すなわち、不品行、汚れ、情欲、悪欲、また貪欲を殺してしまいなさい。貪欲は偶像礼拝にほかならない。" }, { "key": "Col.3.6", "text": "これらのことのために、神の怒りが下るのである。" }, { "key": "Col.3.7", "text": "あなたがたも、以前これらのうちに日を過ごしていた時には、これらのことをして歩いていた。" }, { "key": "Col.3.8", "text": "しかし今は、これらいっさいのことを捨て、怒り、憤り、悪意、そしり、口から出る恥ずべき言葉を、捨ててしまいなさい。" }, { "key": "Col.3.9", "text": "互にうそを言ってはならない。あなたがたは、古き人をその行いと一緒に脱ぎ捨て、" }, { "key": "Col.4.1", "text": "主人たる者よ、僕を正しく公平に扱いなさい。あなたがたにも主が天にいますことが、わかっているのだから。" }, { "key": "Col.4.10", "text": "わたしと一緒に捕われの身となっているアリスタルコと、バルナバのいとこマルコとが、あなたがたによろしくと言っている。このマルコについては、もし彼があなたがたのもとに行くなら、迎えてやるようにとのさしずを、あなたがたはすでに受けているはずである。" }, { "key": "Col.4.11", "text": "また、ユストと呼ばれているイエスからもよろしく。割礼の者の中で、この三人だけが神の国のために働く同労者であって、わたしの慰めとなった者である。" }, { "key": "Col.4.12", "text": "あなたがたのうちのひとり、キリスト・イエスの僕エパフラスから、よろしく。彼はいつも、祈のうちであなたがたを覚え、あなたがたが全き人となり、神の御旨をことごとく確信して立つようにと、熱心に祈っている。" }, { "key": "Col.4.13", "text": "わたしは、彼があなたがたのため、またラオデキヤとヒエラポリスの人々のために、ひじょうに心労していることを、証言する。" }, { "key": "Col.4.14", "text": "愛する医者ルカとデマスとが、あなたがたによろしく。" }, { "key": "Col.4.15", "text": "ラオデキヤの兄弟たちに、またヌンパとその家にある教会とに、よろしく。" }, { "key": "Col.4.16", "text": "この手紙があなたがたの所で朗読されたら、ラオデキヤの教会でも朗読されるように、取り計らってほしい。またラオデキヤからまわって来る手紙を、あなたがたも朗読してほしい。" }, { "key": "Col.4.17", "text": "アルキポに、「主にあって受けた務をよく果すように」と伝えてほしい。" }, { "key": "Col.4.18", "text": "パウロ自身が、手ずからこのあいさつを書く。わたしが獄につながれていることを、覚えていてほしい。恵みが、あなたがたと共にあるように。" }, { "key": "Col.4.2", "text": "目をさまして、感謝のうちに祈り、ひたすら祈り続けなさい。" }, { "key": "Col.4.3", "text": "同時にわたしたちのためにも、神が御言のために門を開いて下さって、わたしたちがキリストの奥義を語れるように（わたしは、実は、そのために獄につながれているのである）、" }, { "key": "Col.4.4", "text": "また、わたしが語るべきことをはっきりと語れるように、祈ってほしい。" }, { "key": "Col.4.5", "text": "今の時を生かして用い、そとの人に対して賢く行動しなさい。" }, { "key": "Col.4.6", "text": "いつも、塩で味つけられた、やさしい言葉を使いなさい。そうすれば、ひとりびとりに対してどう答えるべきか、わかるであろう。" }, { "key": "Col.4.7", "text": "わたしの様子については、主にあって共に僕であり、また忠実に仕えている愛する兄弟テキコが、あなたがたにいっさいのことを報告するであろう。" }, { "key": "Col.4.8", "text": "わたしが彼をあなたがたのもとに送るのは、わたしたちの様子を知り、また彼によって心に励ましを受けるためなのである。" }, { "key": "Col.4.9", "text": "あなたがたのひとり、忠実な愛する兄弟オネシモをも、彼と共に送る。彼らはあなたがたに、こちらのいっさいの事情を知らせるであろう。" }]
