[{ "key": "Jude.1.1", "text": "イエス・キリストの僕またヤコブの兄弟であるユダから、父なる神に愛され、イエス・キリストに守られている召された人々へ。" }, { "key": "Jude.1.10", "text": "しかし、この人々は自分が知りもしないことをそしり、また、分別のない動物のように、ただ本能的な知識にあやまられて、自らの滅亡を招いている。" }, { "key": "Jude.1.11", "text": "彼らはわざわいである。彼らはカインの道を行き、利のためにバラムの惑わしに迷い入り、コラのような反逆をして滅んでしまうのである。" }, { "key": "Jude.1.12", "text": "彼らは、あなたがたの愛餐に加わるが、それを汚し、無遠慮に宴会に同席して、自分の腹を肥やしている。彼らは、いわば、風に吹きまわされる水なき雲、実らない枯れ果てて、抜き捨てられた秋の木、" }, { "key": "Jude.1.13", "text": "自分の恥をあわにして出す海の荒波、さまよう星である。彼らには、まっくらなやみが永久に用意されている。" }, { "key": "Jude.1.14", "text": "アダムから七代目にあたるエノクも彼らについて預言して言った、「見よ、主は無数の聖徒たちを率いてこられた。" }, { "key": "Jude.1.15", "text": "それは、すべての者にさばきを行うためであり、また、不信心な者が、信仰を無視して犯したすべての不信心なしわざと、さらに、不信心な罪人が主にそむいて語ったすべての暴言とを責めるためである」。" }, { "key": "Jude.1.16", "text": "彼らは不平をならべ、不満を鳴らす者であり、自分の欲のままに生活し、その口は大言を吐き、利のために人にへつらう者である。" }, { "key": "Jude.1.17", "text": "愛する者たちよ。わたしたちの主イエス・キリストの使徒たちが予告した言葉を思い出しなさい。" }, { "key": "Jude.1.18", "text": "彼らはあなたがたにこう言った、「終りの時に、あざける者たちがあらわれて、自分の不信心な欲のままに生活するであろう」。" }, { "key": "Jude.1.19", "text": "彼らは分派をつくる者、肉に属する者、御霊を持たない者たちである。" }, { "key": "Jude.1.2", "text": "あわれみと平安と愛とが、あなたがたに豊かに加わるように。" }, { "key": "Jude.1.20", "text": "しかし、愛する者たちよ。あなたがたは、最も神聖な信仰の上に自らを築き上げ、聖霊によって祈り、" }, { "key": "Jude.1.21", "text": "神の愛の中に自らを保ち、永遠のいのちを目あてとして、わたしたちの主イエス・キリストのあわれみを待ち望みなさい。" }, { "key": "Jude.1.22", "text": "疑いをいだく人々があれば、彼らをあわれみ、" }, { "key": "Jude.1.23", "text": "火の中から引き出して救ってやりなさい。また、そのほかの人たちを、おそれの心をもってあわれみなさい。しかし、肉に汚れた者に対しては、その下着さえも忌みきらいなさい。" }, { "key": "Jude.1.24", "text": "あなたがたを守ってつまずかない者とし、また、その栄光のまえに傷なき者として、喜びのうちに立たせて下さるかた、" }, { "key": "Jude.1.25", "text": "すなわち、わたしたちの救主なる唯一の神に、栄光、大能、力、権威が、わたしたちの主イエス・キリストによって、世々の初めにも、今も、また、世々限りなく、あるように、アァメン。" }, { "key": "Jude.1.3", "text": "愛する者たちよ。わたしたちが共にあずかっている救について、あなたがたに書きおくりたいと心から願っていたので、聖徒たちによって、ひとたび伝えられた信仰のために戦うことを勧めるように、手紙をおくる必要を感じるに至った。" }, { "key": "Jude.1.4", "text": "そのわけは、不信仰な人々がしのび込んできて、わたしたちの神の恵みを放縦な生活に変え、唯一の君であり、わたしたちの主であるイエス・キリストを否定しているからである。彼らは、このようなさばきを受けることに、昔から予告されているのである。" }, { "key": "Jude.1.5", "text": "あなたがたはみな、じゅうぶんに知っていることではあるが、主が民をエジプトの地から救い出して後、不信仰な者を滅ぼされたことを、思い起してもらいたい。" }, { "key": "Jude.1.6", "text": "主は、自分たちの地位を守ろうとはせず、そのおるべき所を捨て去った御使たちを、大いなる日のさばきのために、永久にしばりつけたまま、暗やみの中に閉じ込めておかれた。" }, { "key": "Jude.1.7", "text": "ソドム、ゴモラも、まわりの町々も、同様であって、同じように淫行にふけり、不自然な肉欲に走ったので、永遠の火の刑罰を受け、人々の見せしめにされている。" }, { "key": "Jude.1.8", "text": "しかし、これと同じように、これらの人々は、夢に迷わされて肉を汚し、権威ある者たちを軽んじ、栄光ある者たちをそしっている。" }, { "key": "Jude.1.9", "text": "御使のかしらミカエルは、モーセの死体について悪魔と論じ争った時、相手をののしりさばくことはあえてせず、ただ、「主がおまえを戒めて下さるように」と言っただけであった。" }]
