[{ "key": "Phil.1.1", "text": "キリスト・イエスの僕たち、パウロとテモテから、ピリピにいる、キリスト・イエスにあるすべての聖徒たち、ならびに監督たちと執事たちへ。" }, { "key": "Phil.1.10", "text": "それによって、あなたがたが、何が重要であるかを判別することができ、キリストの日に備えて、純真で責められるところのないものとなり、" }, { "key": "Phil.1.11", "text": "イエス・キリストによる義の実に満たされて、神の栄光とほまれとをあらわすに至るように。" }, { "key": "Phil.1.12", "text": "さて、兄弟たちよ。わたしの身に起った事が、むしろ福音の前進に役立つようになったことを、あなたがたに知ってもらいたい。" }, { "key": "Phil.1.13", "text": "すなわち、わたしが獄に捕われているのはキリストのためであることが、兵営全体にもそのほかのすべての人々にも明らかになり、" }, { "key": "Phil.1.14", "text": "そして兄弟たちのうち多くの者は、わたしの入獄によって主にある確信を得、恐れることなく、ますます勇敢に、神の言を語るようになった。" }, { "key": "Phil.1.15", "text": "一方では、ねたみや闘争心からキリストを宣べ伝える者がおり、他方では善意からそうする者がいる。" }, { "key": "Phil.1.16", "text": "後者は、わたしが福音を弁明するために立てられていることを知り、愛の心でキリストを伝え、" }, { "key": "Phil.1.17", "text": "前者は、わたしの入獄の苦しみに更に患難を加えようと思って、純真な心からではなく、党派心からそうしている。" }, { "key": "Phil.1.18", "text": "すると、どうなのか。見えからであるにしても、真実からであるにしても、要するに、伝えられているのはキリストなのだから、わたしはそれを喜んでいるし、また喜ぶであろう。" }, { "key": "Phil.1.19", "text": "なぜなら、あなたがたの祈と、イエス・キリストの霊の助けとによって、この事がついには、わたしの救となることを知っているからである。" }, { "key": "Phil.1.2", "text": "わたしたちの父なる神と主イエス・キリストから、恵みと平安とが、あなたがたにあるように。" }, { "key": "Phil.1.20", "text": "そこで、わたしが切実な思いで待ち望むことは、わたしが、どんなことがあっても恥じることなく、かえって、いつものように今も、大胆に語ることによって、生きるにも死ぬにも、わたしの身によってキリストがあがめられることである。" }, { "key": "Phil.1.21", "text": "わたしにとっては、生きることはキリストであり、死ぬことは益である。" }, { "key": "Phil.1.22", "text": "しかし、肉体において生きていることが、わたしにとっては実り多い働きになるのだとすれば、どちらを選んだらよいか、わたしにはわからない。" }, { "key": "Phil.1.23", "text": "わたしは、これら二つのものの間に板ばさみになっている。わたしの願いを言えば、この世を去ってキリストと共にいることであり、実は、その方がはるかに望ましい。" }, { "key": "Phil.1.24", "text": "しかし、肉体にとどまっていることは、あなたがたのためには、さらに必要である。" }, { "key": "Phil.1.25", "text": "こう確信しているので、わたしは生きながらえて、あなたがた一同のところにとどまり、あなたがたの信仰を進ませ、その喜びを得させようと思う。" }, { "key": "Phil.1.26", "text": "そうなれば、わたしが再びあなたがたのところに行くので、あなたがたはわたしによってキリスト・イエスにある誇を増すことになろう。" }, { "key": "Phil.1.27", "text": "ただ、あなたがたはキリストの福音にふさわしく生活しなさい。そして、わたしが行ってあなたがたに会うにしても、離れているにしても、あなたがたが一つの霊によって堅く立ち、一つ心になって福音の信仰のために力を合わせて戦い、" }, { "key": "Phil.1.28", "text": "かつ、何事についても、敵対する者どもにろうばいさせられないでいる様子を、聞かせてほしい。このことは、彼らには滅びのしるし、あなたがたには救のしるしであって、それは神から来るのである。" }, { "key": "Phil.1.29", "text": "あなたがたはキリストのために、ただ彼を信じることだけではなく、彼のために苦しむことをも賜わっている。" }, { "key": "Phil.1.3", "text": "わたしはあなたがたを思うたびごとに、わたしの神に感謝し、" }, { "key": "Phil.1.30", "text": "あなたがたは、さきにわたしについて見、今またわたしについて聞いているのと同じ苦闘を、続けているのである。" }, { "key": "Phil.1.4", "text": "あなたがた一同のために祈るとき、いつも喜びをもって祈り、" }, { "key": "Phil.1.5", "text": "あなたがたが最初の日から今日に至るまで、福音にあずかっていることを感謝している。" }, { "key": "Phil.1.6", "text": "そして、あなたがたのうちに良いわざを始められたかたが、キリスト・イエスの日までにそれを完成して下さるにちがいないと、確信している。" }, { "key": "Phil.1.7", "text": "わたしが、あなたがた一同のために、そう考えるのは当然である。それは、わたしが獄に捕われている時にも、福音を弁明し立証する時にも、あなたがたをみな、共に恵みにあずかる者として、わたしの心に深く留めているからである。" }, { "key": "Phil.1.8", "text": "わたしがキリスト・イエスの熱愛をもって、どんなに深くあなたがた一同を思っていることか、それを証明して下さるかたは神である。" }, { "key": "Phil.1.9", "text": "わたしはこう祈る。あなたがたの愛が、深い知識において、するどい感覚において、いよいよ増し加わり、" }, { "key": "Phil.2.1", "text": "そこで、あなたがたに、キリストによる勧め、愛の励まし、御霊の交わり、熱愛とあわれみとが、いくらかでもあるなら、" }, { "key": "Phil.2.10", "text": "それは、イエスの御名によって、天上のもの、地上のもの、地下のものなど、あらゆるものがひざをかがめ、" }, { "key": "Phil.2.11", "text": "また、あらゆる舌が、「イエス・キリストは主である」と告白して、栄光を父なる神に帰するためである。" }, { "key": "Phil.2.12", "text": "わたしの愛する者たちよ。そういうわけだから、あなたがたがいつも従順であったように、わたしが一緒にいる時だけでなく、いない今は、いっそう従順でいて、恐れおののいて自分の救の達成に努めなさい。" }, { "key": "Phil.2.13", "text": "あなたがたのうちに働きかけて、その願いを起させ、かつ実現に至らせるのは神であって、それは神のよしとされるところだからである。" }, { "key": "Phil.2.14", "text": "すべてのことを、つぶやかず疑わないでしなさい。" }, { "key": "Phil.2.15", "text": "それは、あなたがたが責められるところのない純真な者となり、曲った邪悪な時代のただ中にあって、傷のない神の子となるためである。あなたがたは、いのちの言葉を堅く持って、彼らの間で星のようにこの世に輝いている。" }, { "key": "Phil.2.16", "text": "このようにして、キリストの日に、わたしは自分の走ったことがむだでなく、労したこともむだではなかったと誇ることができる。" }, { "key": "Phil.2.17", "text": "そして、たとい、あなたがたの信仰の供え物をささげる祭壇に、わたしの血をそそぐことがあっても、わたしは喜ぼう。あなたがた一同と共に喜ぼう。" }, { "key": "Phil.2.18", "text": "同じように、あなたがたも喜びなさい。わたしと共に喜びなさい。" }, { "key": "Phil.2.19", "text": "さて、わたしは、まもなくテモテをあなたがたのところに送りたいと、主イエスにあって願っている。それは、あなたがたの様子を知って、わたしも力づけられたいからである。" }, { "key": "Phil.2.2", "text": "どうか同じ思いとなり、同じ愛の心を持ち、心を合わせ、一つ思いになって、わたしの喜びを満たしてほしい。" }, { "key": "Phil.2.20", "text": "テモテのような心で、親身になってあなたがたのことを心配している者は、ほかにひとりもない。" }, { "key": "Phil.2.21", "text": "人はみな、自分のことを求めるだけで、キリスト・イエスのことは求めていない。" }, { "key": "Phil.2.22", "text": "しかし、テモテの錬達ぶりは、あなたがたの知っているとおりである。すなわち、子が父に対するようにして、わたしと一緒に福音に仕えてきたのである。" }, { "key": "Phil.2.23", "text": "そこで、この人を、わたしの成行きがわかりしだい、すぐにでも、そちらへ送りたいと願っている。" }, { "key": "Phil.2.24", "text": "わたし自身もまもなく行けるものと、主にあって確信している。" }, { "key": "Phil.2.25", "text": "しかし、さしあたり、わたしの同労者で戦友である兄弟、また、あなたがたの使者としてわたしの窮乏を補ってくれたエパフロデトを、あなたがたのもとに送り返すことが必要だと思っている。" }, { "key": "Phil.2.26", "text": "彼は、あなたがた一同にしきりに会いたがっているからである。その上、自分の病気のことがあなたがたに聞えたので、彼は心苦しく思っている。" }, { "key": "Phil.2.27", "text": "彼は実に、ひん死の病気にかかったが、神は彼をあわれんで下さった。彼ばかりではなく、わたしをもあわれんで下さったので、わたしは悲しみに悲しみを重ねないですんだのである。" }, { "key": "Phil.2.28", "text": "そこで、大急ぎで彼を送り返す。これで、あなたがたは彼と再び会って喜び、わたしもまた、心配を和らげることができよう。" }, { "key": "Phil.2.29", "text": "こういうわけだから、大いに喜んで、主にあって彼を迎えてほしい。また、こうした人々は尊重せねばならない。" }, { "key": "Phil.2.3", "text": "何事も党派心や虚栄からするのでなく、へりくだった心をもって互に人を自分よりすぐれた者としなさい。" }, { "key": "Phil.2.30", "text": "彼は、わたしに対してあなたがたが奉仕のできなかった分を補おうとして、キリストのわざのために命をかけ、死ぬばかりになったのである。" }, { "key": "Phil.2.4", "text": "おのおの、自分のことばかりでなく、他人のことも考えなさい。" }, { "key": "Phil.2.5", "text": "キリスト・イエスにあっていだいているのと同じ思いを、あなたがたの間でも互に生かしなさい。" }, { "key": "Phil.2.6", "text": "キリストは、神のかたちであられたが、神と等しくあることを固守すべき事とは思わず、" }, { "key": "Phil.2.7", "text": "かえって、おのれをむなしうして僕のかたちをとり、人間の姿になられた。その有様は人と異ならず、" }, { "key": "Phil.2.8", "text": "おのれを低くして、死に至るまで、しかも十字架の死に至るまで従順であられた。" }, { "key": "Phil.2.9", "text": "それゆえに、神は彼を高く引き上げ、すべての名にまさる名を彼に賜わった。" }, { "key": "Phil.3.1", "text": "最後に、わたしの兄弟たちよ。主にあって喜びなさい。さきに書いたのと同じことをここで繰り返すが、それは、わたしには煩らわしいことではなく、あなたがたには安全なことになる。" }, { "key": "Phil.3.10", "text": "すなわち、キリストとその復活の力とを知り、その苦難にあずかって、その死のさまとひとしくなり、" }, { "key": "Phil.3.11", "text": "なんとかして死人のうちからの復活に達したいのである。" }, { "key": "Phil.3.12", "text": "わたしがすでにそれを得たとか、すでに完全な者になっているとか言うのではなく、ただ捕えようとして追い求めているのである。そうするのは、キリスト・イエスによって捕えられているからである。" }, { "key": "Phil.3.13", "text": "兄弟たちよ。わたしはすでに捕えたとは思っていない。ただこの一事を努めている。すなわち、後のものを忘れ、前のものに向かってからだを伸ばしつつ、" }, { "key": "Phil.3.14", "text": "目標を目ざして走り、キリスト・イエスにおいて上に召して下さる神の賞与を得ようと努めているのである。" }, { "key": "Phil.3.15", "text": "だから、わたしたちの中で全き人たちは、そのように考えるべきである。しかし、あなたがたが違った考えを持っているなら、神はそのことも示して下さるであろう。" }, { "key": "Phil.3.16", "text": "ただ、わたしたちは、達し得たところに従って進むべきである。" }, { "key": "Phil.3.17", "text": "兄弟たちよ。どうか、わたしにならう者となってほしい。また、あなたがたの模範にされているわたしたちにならって歩く人たちに、目をとめなさい。" }, { "key": "Phil.3.18", "text": "わたしがそう言うのは、キリストの十字架に敵対して歩いている者が多いからである。わたしは、彼らのことをしばしばあなたがたに話したが、今また涙を流して語る。" }, { "key": "Phil.3.19", "text": "彼らの最後は滅びである。彼らの神はその腹、彼らの栄光はその恥、彼らの思いは地上のことである。" }, { "key": "Phil.3.2", "text": "あの犬どもを警戒しなさい。悪い働き人たちを警戒しなさい。肉に割礼の傷をつけている人たちを警戒しなさい。" }, { "key": "Phil.3.20", "text": "しかし、わたしたちの国籍は天にある。そこから、救主、主イエス・キリストのこられるのを、わたしたちは待ち望んでいる。" }, { "key": "Phil.3.21", "text": "彼は、万物をご自身に従わせうる力の働きによって、わたしたちの卑しいからだを、ご自身の栄光のからだと同じかたちに変えて下さるであろう。" }, { "key": "Phil.3.3", "text": "神の霊によって礼拝をし、キリスト・イエスを誇とし、肉を頼みとしないわたしたちこそ、割礼の者である。" }, { "key": "Phil.3.4", "text": "もとより、肉の頼みなら、わたしにも無くはない。もし、だれかほかの人が肉を頼みとしていると言うなら、わたしはそれをもっと頼みとしている。" }, { "key": "Phil.3.5", "text": "わたしは八日目に割礼を受けた者、イスラエルの民族に属する者、ベニヤミン族の出身、ヘブル人の中のヘブル人、律法の上ではパリサイ人、" }, { "key": "Phil.3.6", "text": "熱心の点では教会の迫害者、律法の義については落ち度のない者である。" }, { "key": "Phil.3.7", "text": "しかし、わたしにとって益であったこれらのものを、キリストのゆえに損と思うようになった。" }, { "key": "Phil.3.8", "text": "わたしは、更に進んで、わたしの主キリスト・イエスを知る知識の絶大な価値のゆえに、いっさいのものを損と思っている。キリストのゆえに、わたしはすべてを失ったが、それらのものを、ふん土のように思っている。それは、わたしがキリストを得るためであり、" }, { "key": "Phil.3.9", "text": "律法による自分の義ではなく、キリストを信じる信仰による義、すなわち、信仰に基く神からの義を受けて、キリストのうちに自分を見いだすようになるためである。" }, { "key": "Phil.4.1", "text": "だから、わたしの愛し慕っている兄弟たちよ。わたしの喜びであり冠である愛する者たちよ。このように、主にあって堅く立ちなさい。" }, { "key": "Phil.4.10", "text": "さて、わたしが主にあって大いに喜んでいるのは、わたしを思う心が、あなたがたに今またついに芽ばえてきたことである。実は、あなたがたは、わたしのことを心にかけてくれてはいたが、よい機会がなかったのである。" }, { "key": "Phil.4.11", "text": "わたしは乏しいから、こう言うのではない。わたしは、どんな境遇にあっても、足ることを学んだ。" }, { "key": "Phil.4.12", "text": "わたしは貧に処する道を知っており、富におる道も知っている。わたしは、飽くことにも飢えることにも、富むことにも乏しいことにも、ありとあらゆる境遇に処する秘けつを心得ている。" }, { "key": "Phil.4.13", "text": "わたしを強くして下さるかたによって、何事でもすることができる。" }, { "key": "Phil.4.14", "text": "しかし、あなたがたは、よくもわたしと患難を共にしてくれた。" }, { "key": "Phil.4.15", "text": "ピリピの人たちよ。あなたがたも知っているとおり、わたしが福音を宣伝し始めたころ、マケドニヤから出かけて行った時、物のやりとりをしてわたしの働きに参加した教会は、あなたがたのほかには全く無かった。" }, { "key": "Phil.4.16", "text": "またテサロニケでも、一再ならず、物を送ってわたしの欠乏を補ってくれた。" }, { "key": "Phil.4.17", "text": "わたしは、贈り物を求めているのではない。わたしの求めているのは、あなたがたの勘定をふやしていく果実なのである。" }, { "key": "Phil.4.18", "text": "わたしは、すべての物を受けてあり余るほどである。エパフロデトから、あなたがたの贈り物をいただいて、飽き足りている。それは、かんばしいかおりであり、神の喜んで受けて下さる供え物である。" }, { "key": "Phil.4.19", "text": "わたしの神は、ご自身の栄光の富の中から、あなたがたのいっさいの必要を、キリスト・イエスにあって満たして下さるであろう。" }, { "key": "Phil.4.2", "text": "わたしはユウオデヤに勧め、またスントケに勧める。どうか、主にあって一つ思いになってほしい。" }, { "key": "Phil.4.20", "text": "わたしたちの父なる神に、栄光が世々限りなくあるように、アァメン。" }, { "key": "Phil.4.21", "text": "キリスト・イエスにある聖徒のひとりびとりに、よろしく。わたしと一緒にいる兄弟たちから、あなたがたによろしく。" }, { "key": "Phil.4.22", "text": "すべての聖徒たちから、特にカイザルの家の者たちから、よろしく。" }, { "key": "Phil.4.23", "text": "主イエス・キリストの恵みが、あなたがたの霊と共にあるように。" }, { "key": "Phil.4.3", "text": "ついては、真実な協力者よ。あなたにお願いする。このふたりの女を助けてあげなさい。彼らは、「いのちの書」に名を書きとめられているクレメンスや、その他の同労者たちと協力して、福音のためにわたしと共に戦ってくれた女たちである。" }, { "key": "Phil.4.4", "text": "あなたがたは、主にあっていつも喜びなさい。繰り返して言うが、喜びなさい。" }, { "key": "Phil.4.5", "text": "あなたがたの寛容を、みんなの人に示しなさい。主は近い。" }, { "key": "Phil.4.6", "text": "何事も思い煩ってはならない。ただ、事ごとに、感謝をもって祈と願いとをささげ、あなたがたの求めるところを神に申し上げるがよい。" }, { "key": "Phil.4.7", "text": "そうすれば、人知ではとうてい測り知ることのできない神の平安が、あなたがたの心と思いとを、キリスト・イエスにあって守るであろう。" }, { "key": "Phil.4.8", "text": "最後に、兄弟たちよ。すべて真実なこと、すべて尊ぶべきこと、すべて正しいこと、すべて純真なこと、すべて愛すべきこと、すべてほまれあること、また徳といわれるもの、称賛に値するものがあれば、それらのものを心にとめなさい。" }, { "key": "Phil.4.9", "text": "あなたがたが、わたしから学んだこと、受けたこと、聞いたこと、見たことは、これを実行しなさい。そうすれば、平和の神が、あなたがたと共にいますであろう。" }]
