[{ "key": "Mal.1.1", "text": "マラキによってイスラエルに臨んだ主の言葉の託宣。" }, { "key": "Mal.1.10", "text": "あなたがたがわが祭壇の上にいたずらに、火をたくことのないように戸を閉じる者があなたがたのうちに、ひとりあったらいいのだが。わたしはあなたがたを喜ばない、またあなたがたの手からささげ物を受けないと、万軍の主は言われる。" }, { "key": "Mal.1.11", "text": "日の出る所から没する所まで、国々のうちにわが名はあがめられている。また、どこでも香と清いささげ物が、わが名のためにささげられる。これはわが名が国々のうちにあがめられているからであると、万軍の主は言われる。" }, { "key": "Mal.1.12", "text": "ところがあなたがたは、主の台は汚れている、またこの食物は卑しむべき物であると言って、これを汚した。" }, { "key": "Mal.1.13", "text": "あなたがたはまた『これはなんと煩わしい事か』と言って、わたしを鼻であしらうと、万軍の主は言われる。あなたがたはまた奪った物、足なえのもの、病めるものを、ささげ物として携えて来る。わたしはそれを、あなたがたの手から、受けるであろうかと主は言われる。" }, { "key": "Mal.1.14", "text": "群れのうちに雄の獣があり、それをささげると誓いを立てているのに、傷のあるものを、主にささげる偽り者はのろわれる。わたしは大いなる王で、わが名は国々のうちに恐れられるべきであると、万軍の主は言われる。" }, { "key": "Mal.1.2", "text": "主は言われる、「わたしはあなたがたを愛した」と。ところがあなたがたは言う、「あなたはどんなふうに、われわれを愛されたか」。主は言われる、「エサウはヤコブの兄ではないか。しかしわたしはヤコブを愛し、" }, { "key": "Mal.1.3", "text": "エサウを憎んだ。かつ、わたしは彼の山地を荒し、その嗣業を荒野の山犬に与えた」。" }, { "key": "Mal.1.4", "text": "もしエドムが「われわれは滅ぼされたけれども、荒れた所を再び建てる」と言うならば、万軍の主は「彼らは建てるかもしれない。しかしわたしはそれを倒す。人々は、彼らを悪しき国ととなえ、とこしえに主の怒りをうける民ととなえる」と言われる。" }, { "key": "Mal.1.5", "text": "あなたがたの目はこれを見て、「主はイスラエルの境を越えて大いなる神である」と言うであろう。" }, { "key": "Mal.1.6", "text": "「子はその父を敬い、しもべはその主人を敬う。それでわたしがもし父であるならば、あなたがたのわたしを敬う事実が、どこにあるか。わたしがもし主人であるならば、わたしを恐れる事実が、どこにあるか。わたしの名を侮る祭司たちよ、と万軍の主はあなたがたに言われる。ところがあなたがたは『われわれはどんなふうにあなたの名を侮ったか』と言い、" }, { "key": "Mal.1.7", "text": "汚れた食物をわたしの祭壇の上にささげる。またあなたがたは、主の台は卑しむべき物であると考えて、『われわれはどんなふうに、それを汚したか』と言う。" }, { "key": "Mal.1.8", "text": "あなたがたが盲目の獣を、犠牲にささげるのは悪い事ではないか。また足のなえたもの、病めるものをささげるのは悪い事ではないか。今これをあなたのつかさにささげてみよ。彼はあなたを喜び、あなたを受けいれるであろうかと、万軍の主は言われる。" }, { "key": "Mal.1.9", "text": "あなたがたは、神がわれわれをあわれまれるように、神の恵みを求めてみよ。このようなあなたがたの手のささげ物をもって、彼はあなたがたを受けいれられるであろうかと、万軍の主は言われる。" }, { "key": "Mal.2.1", "text": "祭司たちよ、今この命令があなたがたに与えられる。" }, { "key": "Mal.2.10", "text": "われわれの父は皆一つではないか。われわれを造った神は一つではないか。なにゆえ、われわれは先祖たちの契約を破って、おのおのその兄弟に偽りを行うのか。" }, { "key": "Mal.2.11", "text": "ユダは偽りを行い、イスラエルおよびエルサレムの中には憎むべき事が行われた。すなわちユダは主が愛しておられる聖所を汚して、他の神に仕える女をめとった。" }, { "key": "Mal.2.12", "text": "どうか、主がこうした事を行う人をば、証言する者も、答弁する者も、また万軍の主にささげ物をする者をも、ヤコブの幕屋から断たれるように。" }, { "key": "Mal.2.13", "text": "あなたがたはまたこのような事をする。すなわち神がもはやささげ物をかえりみず、またこれをあなたがたの手から、喜んで受けられないために、あなたがたは涙と、泣くことと、嘆きとをもって、主の祭壇をおおい、" }, { "key": "Mal.2.14", "text": "「なぜ神は受けられないのか」と尋ねる。これは主があなたと、あなたの若い時の妻との間の、契約の証人だったからである。彼女は、あなたの連れ合い、契約によるあなたの妻であるのに、あなたは彼女を裏切った。" }, { "key": "Mal.2.15", "text": "一つ神は、われわれのために命の霊を造り、これをささえられたではないか。彼は何を望まれるか。神を敬う子孫であるゆえ、あなたがたはみずから慎んで、その若い時の妻を裏切ってはならない。" }, { "key": "Mal.2.16", "text": "イスラエルの神、主は言われる、「わたしは離縁する者を憎み、また、しえたげをもってその衣をおおう人を憎むと、万軍の主は言われる。ゆえにみずから慎んで、裏切ることをしてはならない」。" }, { "key": "Mal.2.17", "text": "あなたがたは言葉をもって主を煩わした。しかしあなたがたは言う、「われわれはどんなふうに、彼を煩わしたか」。それはあなたがたが「すべて悪を行う者は主の目に良く見え、かつ彼に喜ばれる」と言い、また「さばきを行う神はどこにあるか」と言うからである。" }, { "key": "Mal.2.2", "text": "万軍の主は言われる、あなたがたがもし聞き従わず、またこれを心に留めず、わが名に栄光を帰さないならば、わたしはあなたがたの上に、のろいを送り、またあなたがたの祝福をのろいに変える。あなたがたは、これを心に留めないので、わたしはすでにこれをのろった。" }, { "key": "Mal.2.3", "text": "見よ、わたしはあなたがたの子孫を責める。またあなたがたの犠牲の糞を、あなたがたの顔の上にまき散らし、あなたがたをわたしの前から退ける。" }, { "key": "Mal.2.4", "text": "こうしてわたしが、この命令をあなたがたに与えたのは、レビと結んだわが契約が、保たれるためであることを、あなたがたが知るためであると、万軍の主は言われる。" }, { "key": "Mal.2.5", "text": "彼と結んだわが契約は、生命と平安との契約であって、わたしがこれを彼に与えたのは、彼にわたしを恐れさせるためである。彼はすでにわたしを恐れ、わが名の前におののいた。" }, { "key": "Mal.2.6", "text": "彼の口には、まことの律法があり、そのくちびるには、不義が見られなかった。彼は平安と公義とをもって、わたしと共に歩み、また多くの人を不義から立ち返らせた。" }, { "key": "Mal.2.7", "text": "祭司のくちびるは知識を保ち、人々が彼の口から律法を尋ねるのが当然である。彼は万軍の主の使者だからだ。" }, { "key": "Mal.2.8", "text": "ところが、あなたがたは道を離れ、多くの人を教えてつまずかせ、レビの契約を破ったと、万軍の主は言われる。" }, { "key": "Mal.2.9", "text": "あなたがたはわたしの道を守らず、律法を教えるに当って、人にかたよったがために、あなたがたをすべての民の前に侮られ、卑しめられるようにする」。" }, { "key": "Mal.3.1", "text": "「見よ、わたしはわが使者をつかわす。彼はわたしの前に道を備える。またあなたがたが求める所の主は、たちまちその宮に来る。見よ、あなたがたの喜ぶ契約の使者が来ると、万軍の主が言われる。" }, { "key": "Mal.3.10", "text": "わたしの宮に食物のあるように、十分の一全部をわたしの倉に携えてきなさい。これをもってわたしを試み、わたしが天の窓を開いて、あふるる恵みを、あなたがたに注ぐか否かを見なさいと、万軍の主は言われる。" }, { "key": "Mal.3.11", "text": "わたしは食い滅ぼす者を、あなたがたのためにおさえて、あなたがたの地の産物を、滅ぼさないようにしよう。また、あなたがたのぶどうの木が、その熟する前に、その実を畑に落すことのないようにしようと、万軍の主は言われる。" }, { "key": "Mal.3.12", "text": "こうして万国の人は、あなたがたを祝福された者ととなえるであろう。あなたがたは楽しい地となるからであると、万軍の主は言われる。" }, { "key": "Mal.3.13", "text": "主は言われる、あなたがたは言葉を激しくして、わたしに逆らった。しかもあなたがたは『われわれはあなたに逆らって、どんな事を言ったか』と言う。" }, { "key": "Mal.3.14", "text": "あなたがたは言った、『神に仕える事はつまらない。われわれがその命令を守り、かつ万軍の主の前に、悲しんで歩いたからといって、なんの益があるか。" }, { "key": "Mal.3.15", "text": "今われわれは高ぶる者を、祝福された者と思う。悪を行う者は栄えるばかりでなく、神を試みても罰せられない』」。" }, { "key": "Mal.3.16", "text": "そのとき、主を恐れる者は互に語った。主は耳を傾けてこれを聞かれた。そして主を恐れる者、およびその名を心に留めている者のために、主の前に一つの覚え書がしるされた。" }, { "key": "Mal.3.17", "text": "「万軍の主は言われる、彼らはわたしが手を下して事を行う日に、わたしの者となり、わたしの宝となる。また人が自分に仕える子をあわれむように、わたしは彼らをあわれむ。" }, { "key": "Mal.3.18", "text": "その時あなたがたは、再び義人と悪人、神に仕える者と、仕えない者との区別を知るようになる。" }, { "key": "Mal.3.2", "text": "その来る日には、だれが耐え得よう。そのあらわれる時には、だれが立ち得よう。" }, { "key": "Mal.3.3", "text": "彼は銀をふきわけて清める者のように座して、レビの子孫を清め、金銀のように彼らを清める。そして彼らは義をもって、ささげ物を主にささげる。" }, { "key": "Mal.3.4", "text": "その時ユダとエルサレムとのささげ物は、昔の日のように、また先の年のように主に喜ばれる。" }, { "key": "Mal.3.5", "text": "そしてわたしはあなたがたに近づいて、さばきをなし、占い者、姦淫を行う者、偽りの誓いをなす者にむかい、雇人の賃銀をかすめ、やもめと、みなしごとをしえたげ、寄留の他国人を押しのけ、わたしを恐れない者どもにむかって、すみやかにあかしを立てると、万軍の主は言われる。" }, { "key": "Mal.3.6", "text": "主なるわたしは変ることがない。それゆえ、ヤコブの子らよ、あなたがたは滅ぼされない。" }, { "key": "Mal.3.7", "text": "あなたがたは、その先祖の日から、わが定めを離れて、これを守らなかった。わたしに帰れ、わたしはあなたがたに帰ろうと、万軍の主は言われる。ところが、あなたがたは『われわれはどうして帰ろうか』と尋ねる。" }, { "key": "Mal.3.8", "text": "人は神の物を盗むことをするだろうか。しかしあなたがたは、わたしの物を盗んでいる。あなたがたはまた『どうしてわれわれは、あなたの物を盗んでいるのか』と言う。十分の一と、ささげ物をもってである。" }, { "key": "Mal.3.9", "text": "あなたがたは、のろいをもって、のろわれる。あなたがたすべての国民は、わたしの物を盗んでいるからである。" }, { "key": "Mal.4.1", "text": "万軍の主は言われる、見よ、炉のように燃える日が来る。その時すべて高ぶる者と、悪を行う者とは、わらのようになる。その来る日は、彼らを焼き尽して、根も枝も残さない。" }, { "key": "Mal.4.2", "text": "しかしわが名を恐れるあなたがたには、義の太陽がのぼり、その翼には、いやす力を備えている。あなたがたは牛舎から出る子牛のように外に出て、とびはねる。" }, { "key": "Mal.4.3", "text": "また、あなたがたは悪人を踏みつけ、わたしが事を行う日に、彼らはあなたがたの足の裏の下にあって、灰のようになると、万軍の主は言われる。" }, { "key": "Mal.4.4", "text": "あなたがたは、わがしもべモーセの律法、すなわちわたしがホレブで、イスラエル全体のために、彼に命じた定めとおきてとを覚えよ。" }, { "key": "Mal.4.5", "text": "見よ、主の大いなる恐るべき日が来る前に、わたしは預言者エリヤをあなたがたにつかわす。" }, { "key": "Mal.4.6", "text": "彼は父の心をその子供たちに向けさせ、子供たちの心をその父に向けさせる。これはわたしが来て、のろいをもってこの国を撃つことのないようにするためである」。" }]
