[{ "key": "Zech.1.1", "text": "ダリヨスの第二年の八月に、主の言葉がイドの子ベレキヤの子である預言者ゼカリヤに臨んだ、" }, { "key": "Zech.1.10", "text": "すると、ミルトスの木の中に立っている人が答えて、『これらは地を見回らせるために、主がつかわされた者です』と言うと、" }, { "key": "Zech.1.11", "text": "彼らは答えて、ミルトスの中に立っている主の使に言った、『われわれは地を見回ったが、全地はすべて平穏です』。" }, { "key": "Zech.1.12", "text": "すると主の使は言った、『万軍の主よ、あなたは、いつまでエルサレムとユダの町々とを、あわれんで下さらないのですか。あなたはお怒りになって、すでに七十年になりました』。" }, { "key": "Zech.1.13", "text": "主はわたしと語る天の使に、ねんごろな慰めの言葉をもって答えられた。" }, { "key": "Zech.1.14", "text": "そこで、わたしと語る天の使は言った、『あなたは呼ばわって言いなさい。万軍の主はこう仰せられます、わたしはエルサレムのため、シオンのために、大いなるねたみを起し、" }, { "key": "Zech.1.15", "text": "安らかにいる国々の民に対して、大いに怒る。なぜなら、わたしが少しばかり怒ったのに、彼らは、大いにこれを悩ましたからであると。" }, { "key": "Zech.1.16", "text": "それゆえ、主はこう仰せられます、わたしはあわれみをもってエルサレムに帰る。わたしの家はその中に建てられ、測りなわはエルサレムに張られると、万軍の主は仰せられます。" }, { "key": "Zech.1.17", "text": "あなたはまた呼ばわって言いなさい。万軍の主はこう仰せられます、わが町々は再び良い物で満ちあふれ、主は再びシオンを慰め、再びエルサレムを選ぶ』と」。" }, { "key": "Zech.1.18", "text": "わたしが目をあげて見ていると、見よ、四つの角があった。" }, { "key": "Zech.1.19", "text": "わたしと語る天の使に「これらはなんですか」と言うと、彼は答えて言った、「これらはユダ、イスラエルおよびエルサレムを散らした角です」。" }, { "key": "Zech.1.2", "text": "「主はあなたがたの先祖たちに対して、いたくお怒りになった。" }, { "key": "Zech.1.20", "text": "その時、主は四人の鍛冶をわたしに示された。" }, { "key": "Zech.1.21", "text": "わたしが「これらは何をするために来たのですか」と言うと、彼は答えた、「これらの角はユダを散らして、人にその頭をあげさせなかったものですが、この四人の者が来たのは彼らをおどし、かのユダの地にむかって角をあげ、これを散らした国々の民の角を投げうつためです」。" }, { "key": "Zech.1.3", "text": "それゆえ、万軍の主はこう仰せられると、彼らに告げよ。万軍の主は仰せられる、わたしに帰れ、そうすれば、わたしもあなたがたに帰ろうと、万軍の主は仰せられる。" }, { "key": "Zech.1.4", "text": "あなたがたの先祖たちのようであってはならない。先の預言者たちは、彼らにむかって叫んで言った、『万軍の主はこう仰せられる、悪い道を離れ、悪いおこないを捨てて帰れ』と。しかし彼らは聞きいれず、耳をわたしに傾けなかったと主は言われる。" }, { "key": "Zech.1.5", "text": "あなたがたの先祖たち、彼らはどこにいるか。預言者たち、彼らは永遠に生きているのか。" }, { "key": "Zech.1.6", "text": "しかしわたしのしもべである預言者たちに命じたわが言葉と、わが定めとは、あなたがたの先祖たちに及んだではないか。それで彼らは立ち返って言った、『万軍の主がわれわれの道にしたがい、おこないに従って、われわれに、なそうと思い定められたように、そのとおりされたのだ』と」。" }, { "key": "Zech.1.7", "text": "ダリヨスの第二年の十一月、すなわちセバテという月の二十四日に、主の言葉がイドの子ベレキヤの子である預言者ゼカリヤに臨んだ。そしてゼカリヤは言った、" }, { "key": "Zech.1.8", "text": "「わたしは夜、見ていると、ひとりの人が赤馬に乗って、谷間にあるミルトスの木の中に立ち、その後に赤馬、栗毛の馬、白馬がいた。" }, { "key": "Zech.1.9", "text": "その時わたしが『わが主よ、これらはなんですか』と尋ねると、わたしと語る天の使は言った、『これがなんであるか、あなたに示しましょう』。" }, { "key": "Zech.10.1", "text": "あなたがたは春の雨の時に、雨を主に請い求めよ。主はいなずまを造り、大雨を人々に賜い、野の青草をおのおのに賜わる。" }, { "key": "Zech.10.10", "text": "わたしは彼らをエジプトの国から連れ帰り、アッスリヤから彼らを集める。わたしはギレアデの地およびレバノンに彼らを連れて行く。彼らはいる所もないほどに多くなる。" }, { "key": "Zech.10.11", "text": "彼らはエジプトの海を通る。海の波は撃たれ、ナイルの淵はことごとくかれた。アッスリヤの高ぶりは低くされ、エジプトのつえは移り去る。" }, { "key": "Zech.10.12", "text": "わたしは彼らを主によって強くする。彼らは主の名を誇る」と主は言われる。" }, { "key": "Zech.10.2", "text": "テラピムは、たわごとを言い、占い師は偽りを見、夢見る者は偽りの夢を語り、むなしい慰めを与える。このゆえに、民は羊のようにさまよい、牧者がないために悩む。" }, { "key": "Zech.10.3", "text": "「わが怒りは牧者にむかって燃え、わたしは雄やぎを罰する。万軍の主が、その群れの羊であるユダの家を顧み、これをみごとな軍馬のようにされるからである。" }, { "key": "Zech.10.4", "text": "隅石は彼らから出、天幕の杭も彼らから出、いくさ弓も彼らから出、支配者も皆彼らの中から出る。" }, { "key": "Zech.10.5", "text": "彼らが戦う時は勇士のようになって、道ばたの泥の中に敵を踏みにじる。主が彼らと共におられるゆえに彼らは戦い、馬に乗る者どもを困らせる。" }, { "key": "Zech.10.6", "text": "わたしはユダの家を強くし、ヨセフの家を救う。わたしは彼らをあわれんで、彼らを連れ帰る。彼らはわたしに捨てられたことのないようになる。わたしは彼らの神、主であって、彼らに答えるからである。" }, { "key": "Zech.10.7", "text": "エフライムびとは勇士のようになり、その心は酒を飲んだように喜ぶ。その子供らはこれを見て喜び、その心は主によって楽しむ。" }, { "key": "Zech.10.8", "text": "わたしは彼らに向かい、口笛を吹いて彼らを集める、わたしが彼らをあがなったからである。彼らは昔のように数多くなる。" }, { "key": "Zech.10.9", "text": "わたしは彼らを国々の民の中に散らした。しかし彼らは遠い国々でわたしを覚え、その子供らと共に生きながらえて帰ってくる。" }, { "key": "Zech.11.1", "text": "レバノンよ、おまえの門を開き、おまえの香柏を火に焼き滅ぼさせよ。" }, { "key": "Zech.11.10", "text": "わたしは恵みというつえを取って、これを折った。これはわたしがもろもろの民と結んだ契約を、廃するためであった。" }, { "key": "Zech.11.11", "text": "そしてこれは、その日に廃された。そこで、わたしに目を注いでいた羊の商人らは、これが主の言葉であったことを知った。" }, { "key": "Zech.11.12", "text": "わたしは彼らに向かって、「あなたがたがもし、よいと思うならば、わたしに賃銀を払いなさい。もし、いけなければやめなさい」と言ったので、彼らはわたしの賃銀として、銀三十シケルを量った。" }, { "key": "Zech.11.13", "text": "主はわたしに言われた、「彼らによって、わたしが値積られたその尊い価を、宮のさいせん箱に投げ入れよ」。わたしは銀三十シケルを取って、これを主の宮のさいせん箱に投げ入れた。" }, { "key": "Zech.11.14", "text": "そしてわたしは結びという第二のつえを折った。これはユダとイスラエルの間の、兄弟関係を廃するためであった。" }, { "key": "Zech.11.15", "text": "主はわたしに言われた、「おまえはまた愚かな牧者の器を取れ。" }, { "key": "Zech.11.16", "text": "見よ、わたしは地にひとりの牧者を起す。彼は滅ぼされる者を顧みず、迷える者を尋ねず、傷ついた者をいやさず、健やかな者を養わず、肥えた者の肉を食らい、そのひずめをさえ裂く者である。" }, { "key": "Zech.11.17", "text": "その羊の群れを捨てる愚かな牧者はわざわいだ。どうか、つるぎがその腕を撃ち、その右の目を撃つように。その腕は全く衰え、その右の目は全く見えなくなるように」。" }, { "key": "Zech.11.2", "text": "いとすぎよ、泣き叫べ。香柏は倒れ、みごとな木は、そこなわれたからである。バシャンのかしよ、泣き叫べ。茂った林は倒れたからである。" }, { "key": "Zech.11.3", "text": "聞け、牧者の泣き叫ぶ声を。彼らの栄えが消え去ったからである。聞け、ししのほえる声を。ヨルダンの草むらが荒れ果てたからである。" }, { "key": "Zech.11.4", "text": "わが神、主はこう仰せられた、「ほふらるべき羊の群れの牧者となれ。" }, { "key": "Zech.11.5", "text": "これを買う者は、これをほふっても罰せられない。これを売る者は言う、『主はほむべきかな、わたしは富んだ』と。そしてその牧者は、これをあわれまない。" }, { "key": "Zech.11.6", "text": "わたしは、もはやこの地の住民をあわれまないと、主は言われる。見よ、わたしは人をおのおのその牧者の手に渡し、おのおのその王の手に渡す。彼らは地を荒す。わたしは彼らの手からこれを救い出さない」。" }, { "key": "Zech.11.7", "text": "わたしは羊の商人のために、ほふらるべき羊の群れの牧者となった。わたしは二本のつえを取り、その一本を恵みと名づけ、一本を結びと名づけて、その羊を牧した。" }, { "key": "Zech.11.8", "text": "わたしは一か月に牧者三人を滅ぼした。わたしは彼らに、がまんしきれなくなったが、彼らもまた、わたしを忌みきらった。" }, { "key": "Zech.11.9", "text": "それでわたしは言った、「わたしはあなたがたの牧者とならない。死ぬ者は死に、滅びる者は滅び、残った者はたがいにその肉を食いあうがよい」。" }, { "key": "Zech.12.1", "text": "託宣" }, { "key": "Zech.12.10", "text": "わたしはダビデの家およびエルサレムの住民に、恵みと祈の霊とを注ぐ。彼らはその刺した者を見る時、ひとり子のために嘆くように彼のために嘆き、ういごのために悲しむように、彼のためにいたく悲しむ。" }, { "key": "Zech.12.11", "text": "その日には、エルサレムの嘆きは、メギドの平野にあったハダデ・リンモンのための嘆きのように大きい。" }, { "key": "Zech.12.12", "text": "国じゅう、氏族おのおの別れて嘆く。すなわちダビデの家の氏族は別れて嘆き、その妻たちも別れて嘆く。ナタンの家の氏族は別れて嘆き、その妻たちも別れて嘆く。" }, { "key": "Zech.12.13", "text": "レビの家の氏族は別れて嘆き、その妻たちも別れて嘆く。シメイの氏族は別れて嘆き、その妻たちも別れて嘆く。" }, { "key": "Zech.12.14", "text": "その他の氏族も皆別れて嘆き、その妻たちも別れて嘆くのである。" }, { "key": "Zech.12.2", "text": "「見よ、わたしはエルサレムを、その周囲にあるすべての民をよろめかす杯にしようとしている。これはエルサレムの攻め囲まれる時、ユダにも及ぶ。" }, { "key": "Zech.12.3", "text": "その日には、わたしはエルサレムをすべての民に対して重い石とする。これを持ちあげる者はみな大傷を受ける。地の国々の民は皆集まって、これを攻める。" }, { "key": "Zech.12.4", "text": "主は言われる、その日には、わたしはすべての馬を撃って驚かせ、その乗り手を撃って狂わせる。しかし、もろもろの民の馬を、ことごとく撃って、めくらとするとき、ユダの家に対しては、わたしの目を開く。" }, { "key": "Zech.12.5", "text": "その時ユダの諸族は、その心の中に『エルサレムの住民は、その神、万軍の主によって力強くなった』と言う。" }, { "key": "Zech.12.6", "text": "その日には、わたしはユダの諸族を、たきぎの中の火皿のようにし、麦束の中のたいまつのようにする。彼らは右に左に、その周囲にあるすべての民を、焼き滅ぼす。しかしエルサレムはなお、そのもとの所、すなわちエルサレムで、人の住む所となる。" }, { "key": "Zech.12.7", "text": "主はまずユダの幕屋を救われる。これはダビデの家の光栄と、エルサレムの住民の光栄とが、ユダの光栄にまさることのないようにするためである。" }, { "key": "Zech.12.8", "text": "その日、主はエルサレムの住民を守られる。彼らの中の弱い者も、その日には、ダビデのようになる。またダビデの家は神のように、彼らに先だつ主の使のようになる。" }, { "key": "Zech.12.9", "text": "その日には、わたしはエルサレムに攻めて来る国民を、ことごとく滅ぼそうと努める。" }, { "key": "Zech.13.1", "text": "その日には、罪と汚れとを清める一つの泉が、ダビデの家とエルサレムの住民とのために開かれる。" }, { "key": "Zech.13.2", "text": "万軍の主は言われる、その日には、わたしは地から偶像の名を取り除き、重ねて人に覚えられることのないようにする。わたしはまた預言者および汚れの霊を、地から去らせる。" }, { "key": "Zech.13.3", "text": "もし、人が今後預言するならば、その産みの父母はこれにむかって、『あなたは主の名をもって偽りを語るゆえ、生きていることができない』と言い、その産みの父母は彼が預言している時、彼を刺すであろう。" }, { "key": "Zech.13.4", "text": "その日には、預言者たちは皆預言する時、その幻を恥じる。また人を欺くための毛の上着を着ない。" }, { "key": "Zech.13.5", "text": "そして『わたしは預言者ではない、わたしは土地を耕す者だ。若い時から土地を持っている』と言う。" }, { "key": "Zech.13.6", "text": "もし、人が彼に『あなたの背中の傷は何か』と尋ねるならば、『これはわたしの友だちの家で受けた傷だ』と、彼は言うであろう」。" }, { "key": "Zech.13.7", "text": "万軍の主は言われる、「つるぎよ、立ち上がってわが牧者を攻めよ。わたしの次に立つ人を攻めよ。牧者を撃て、その羊は散る。わたしは手をかえして、小さい者どもを攻める。" }, { "key": "Zech.13.8", "text": "主は言われる、全地の人の三分の二は断たれて死に、三分の一は生き残る。" }, { "key": "Zech.13.9", "text": "わたしはこの三分の一を火の中に入れ、銀をふき分けるように、これをふき分け、金を精錬するように、これを精錬する。彼らはわたしの名を呼び、わたしは彼らに答える。わたしは『彼らはわが民である』と言い、彼らは『主はわが神である』と言う」。" }, { "key": "Zech.14.1", "text": "見よ、主の日が来る。その時あなたの奪われた物は、あなたの中で分かたれる。" }, { "key": "Zech.14.10", "text": "全地はゲバからエルサレムの南リンモンまで、平地のように変る。しかしエルサレムは高くなって、そのもとの所にとどまり、ベニヤミンの門から、先にあった門の所に及び、隅の門に至り、ハナネルのやぐらから、王の酒ぶねにまで及ぶ。" }, { "key": "Zech.14.11", "text": "その中には人が住み、もはやのろいはなく、エルサレムは安らかに立つ。" }, { "key": "Zech.14.12", "text": "エルサレムを攻撃したもろもろの民を、主は災をもって撃たれる。すなわち彼らはなお足で立っているうちに、その肉は腐れ、目はその穴の中で腐れ、舌はその口の中で腐れる。" }, { "key": "Zech.14.13", "text": "その日には、主は彼らを大いにあわてさせられるので、彼らはおのおのその隣り人を捕え、手をあげてその隣り人を攻める。" }, { "key": "Zech.14.14", "text": "ユダもまた、エルサレムに敵して戦う。その周囲のすべての国びとの財宝、すなわち金銀、衣服などが、はなはだ多く集められる。" }, { "key": "Zech.14.15", "text": "また馬、騾、らくだ、ろば、およびその陣営にあるすべての家畜にも、この災のような災が臨む。" }, { "key": "Zech.14.16", "text": "エルサレムに攻めて来たもろもろの国びとの残った者は、皆年々上って来て、王なる万軍の主を拝み、仮庵の祭を守るようになる。" }, { "key": "Zech.14.17", "text": "地の諸族のうち、王なる万軍の主を拝むために、エルサレムに上らない者の上には、雨が降らない。" }, { "key": "Zech.14.18", "text": "エジプトの人々が、もし上ってこない時には、主が仮庵の祭を守るために、上ってこないすべての国びとを撃たれるその災が、彼らの上に臨む。" }, { "key": "Zech.14.19", "text": "これが、エジプトびとの受ける罰、およびすべて仮庵の祭を守るために上ってこない国びとの受ける罰である。" }, { "key": "Zech.14.2", "text": "わたしは万国の民を集めて、エルサレムを攻め撃たせる。町は取られ、家はかすめられ、女は犯され、町の半ばは捕えられて行く。しかし残りの民は町から断たれることはない。" }, { "key": "Zech.14.20", "text": "その日には、馬の鈴の上に「主に聖なる者」と、しるすのである。また主の宮のなべは、祭壇の前の鉢のように、聖なる物となる。" }, { "key": "Zech.14.21", "text": "エルサレムおよびユダのすべてのなべは、万軍の主に対して聖なる物となり、すべて犠牲をささげる者は来てこれを取り、その中で犠牲の肉を煮ることができる。その日には、万軍の主の宮に、もはや商人はいない。" }, { "key": "Zech.14.3", "text": "その時、主は出てきて、いくさの日にみずから戦われる時のように、それらの国びとと戦われる。" }, { "key": "Zech.14.4", "text": "その日には彼の足が、東の方エルサレムの前にあるオリブ山の上に立つ。そしてオリブ山は、非常に広い一つの谷によって、東から西に二つに裂け、その山の半ばは北に、半ばは南に移り、" }, { "key": "Zech.14.5", "text": "わが山の谷はふさがれる。裂けた山の谷が、そのかたわらに接触するからである。そして、あなたがたはユダの王ウジヤの世に、地震を避けて逃げたように逃げる。こうして、あなたがたの神、主はこられる、もろもろの聖者と共にこられる。" }, { "key": "Zech.14.6", "text": "その日には、寒さも霜もない。" }, { "key": "Zech.14.7", "text": "そこには長い連続した日がある（主はこれを知られる）。これには昼もなく、夜もない。夕暮になっても、光があるからである。" }, { "key": "Zech.14.8", "text": "その日には、生ける水がエルサレムから流れ出て、その半ばは東の海に、その半ばは西の海に流れ、夏も冬もやむことがない。" }, { "key": "Zech.14.9", "text": "主は全地の王となられる。その日には、主ひとり、その名一つのみとなる。" }, { "key": "Zech.2.1", "text": "またわたしが目をあげて見ていると、見よ、ひとりの人が、測りなわを手に持っているので、" }, { "key": "Zech.2.10", "text": "主は言われる、シオンの娘よ、喜び歌え。わたしが来て、あなたの中に住むからである。" }, { "key": "Zech.2.11", "text": "その日には、多くの国民が主に連なって、わたしの民となる。わたしはあなたの中に住む。" }, { "key": "Zech.2.12", "text": "あなたは万軍の主が、わたしをあなたにつかわされたことを知る。主は聖地で、ユダを自分の分として取り、エルサレムを再び選ばれるであろう」。" }, { "key": "Zech.2.13", "text": "すべて肉なる者よ、主の前に静まれ。主はその聖なるすみかから立ちあがられたからである。" }, { "key": "Zech.2.2", "text": "「あなたはどこへ行くのですか」と尋ねると、その人はわたしに言った、「エルサレムを測って、その広さと、長さを見ようとするのです」。" }, { "key": "Zech.2.3", "text": "すると見よ、わたしと語る天の使が出て行くと、またひとりの天の使が出てきて、これに出会って、" }, { "key": "Zech.2.4", "text": "言った、「走って行って、あの若い人に言いなさい、『エルサレムはその中に、人と家畜が多くなるので、城壁のない村里のように、人の住む所となるでしょう。" }, { "key": "Zech.2.5", "text": "主は仰せられます、わたしはその周囲で火の城壁となり、その中で栄光となる』と」。" }, { "key": "Zech.2.6", "text": "主は仰せられる、さあ、北の地から逃げて来なさい。わたしはあなたがたを、天の四方の風のように散らしたからである。" }, { "key": "Zech.2.7", "text": "さあ、バビロンの娘と共にいる者よ、シオンにのがれなさい。" }, { "key": "Zech.2.8", "text": "あなたがたにさわる者は、彼の目の玉にさわるのであるから、あなたがたを捕えていった国々の民に、その栄光にしたがって、わたしをつかわされた万軍の主は、こう仰せられる、" }, { "key": "Zech.2.9", "text": "「見よ、わたしは彼らの上に手を振る。彼らは自分に仕えた者のとりことなる。その時あなたがたは万軍の主が、わたしをつかわされたことを知る。" }, { "key": "Zech.3.1", "text": "時に主は大祭司ヨシュアが、主の使の前に立ち、サタンがその右に立って、これを訴えているのをわたしに示された。" }, { "key": "Zech.3.10", "text": "万軍の主は言われる、その日には、あなたがたはめいめいその隣り人を招いて、ぶどうの木の下、いちじくの木の下に座すのである」。" }, { "key": "Zech.3.2", "text": "主はサタンに言われた、「サタンよ、主はあなたを責めるのだ。すなわちエルサレムを選んだ主はあなたを責めるのだ。これは火の中から取り出した燃えさしではないか」。" }, { "key": "Zech.3.3", "text": "ヨシュアは汚れた衣を着て、み使の前に立っていたが、" }, { "key": "Zech.3.4", "text": "み使は自分の前に立っている者どもに言った、「彼の汚れた衣を脱がせなさい」。またヨシュアに向かって言った、「見よ、わたしはあなたの罪を取り除いた。あなたに祭服を着せよう」。" }, { "key": "Zech.3.5", "text": "わたしは言った、「清い帽子を頭にかぶらせなさい」。そこで清い帽子を頭にかぶらせ、衣を彼に着せた。主の使はかたわらに立っていた。" }, { "key": "Zech.3.6", "text": "主の使は、ヨシュアを戒めて言った、" }, { "key": "Zech.3.7", "text": "「万軍の主は、こう仰せられる、あなたがもし、わたしの道に歩み、わたしの務を守るならば、わたしの家をつかさどり、わたしの庭を守ることができる。わたしはまた、ここに立っている者どもの中に行き来することを得させる。" }, { "key": "Zech.3.8", "text": "大祭司ヨシュアよ、あなたも、あなたの前にすわっている同僚たちも聞きなさい。彼らはよいしるしとなるべき人々だからである。見よ、わたしはわたしのしもべなる枝を生じさせよう。" }, { "key": "Zech.3.9", "text": "万軍の主は言われる、見よ、ヨシュアの前にわたしが置いた石の上に、すなわち七つの目をもっているこの一つの石の上に、わたしはみずから文字を彫刻する。そしてわたしはこの地の罪を、一日の内に取り除く。" }, { "key": "Zech.4.1", "text": "わたしと語った天の使がまた来て、わたしを呼びさました。わたしは眠りから呼びさまされた人のようであった。" }, { "key": "Zech.4.10", "text": "だれでも小さい事の日をいやしめた者は、ゼルバベルの手に、下げ振りのあるのを見て、喜ぶ。" }, { "key": "Zech.4.11", "text": "わたしはまた彼に尋ねて、「燭台の左右にある、この二本のオリブの木はなんですか」と言い、" }, { "key": "Zech.4.12", "text": "重ねてまた「この二本の金の管によって、油をそれから注ぎ出すオリブの二枝はなんですか」と言うと、" }, { "key": "Zech.4.13", "text": "彼はわたしに答えて、「あなたはそれがなんであるか知らないのですか」と言ったので、「わが主よ、知りません」と言った。" }, { "key": "Zech.4.14", "text": "すると彼は言った、「これらはふたりの油そそがれた者で、全地の主のかたわらに立つ者です」。" }, { "key": "Zech.4.2", "text": "彼がわたしに向かって「何を見るか」と言ったので、わたしは言った、「わたしが見ていると、すべて金で造られた燭台が一つあって、その上に油を入れる器があり、また燭台の上に七つのともしび皿があり、そのともしび皿は燭台の上にあって、これにおのおの七本ずつの管があります。" }, { "key": "Zech.4.3", "text": "また燭台のかたわらに、オリブの木が二本あって、一本は油をいれる器の右にあり、一本はその左にあります」。" }, { "key": "Zech.4.4", "text": "わたしはまたわたしと語る天の使に言った、「わが主よ、これらはなんですか」。" }, { "key": "Zech.4.5", "text": "わたしと語る天の使は答えて、「あなたはそれがなんであるか知らないのですか」と言ったので、わたしは「わが主よ、知りません」と言った。" }, { "key": "Zech.4.6", "text": "すると彼はわたしに言った、「ゼルバベルに、主がお告げになる言葉はこれです。万軍の主は仰せられる、これは権勢によらず、能力によらず、わたしの霊によるのである。" }, { "key": "Zech.4.7", "text": "大いなる山よ、おまえは何者か。おまえはゼルバベルの前に平地となる。彼は『恵みあれ、これに恵みあれ』と呼ばわりながら、かしら石を引き出すであろう」。" }, { "key": "Zech.4.8", "text": "主の言葉がわたしに臨んで言うには、" }, { "key": "Zech.4.9", "text": "「ゼルバベルの手はこの宮の礎をすえた。彼の手はこれを完成する。その時あなたがたは万軍の主が、わたしをあなたがたにつかわされたことを知る。" }, { "key": "Zech.5.1", "text": "わたしがまた目をあげて見ていると、飛んでいる巻物を見た。" }, { "key": "Zech.5.10", "text": "わたしは、わたしと語る天の使に言った、「彼らはエパ枡を、どこへ持って行くのですか」。" }, { "key": "Zech.5.11", "text": "彼はわたしに言った、「シナルの地で、女たちのために家を建てるのです。それが建てられると、彼らはエパ枡をそこにすえ、それの土台の上に置くのです」。" }, { "key": "Zech.5.2", "text": "彼がわたしに「何を見るか」と言ったので、「飛んでいる巻物を見ます。その長さは二十キュビト、その幅は十キュビトです」と答えた。" }, { "key": "Zech.5.3", "text": "すると彼はまた、わたしに言った、「これは全地のおもてに出て行く、のろいの言葉です。すべて盗む者はこれに照して除き去られ、すべて偽り誓う者は、これに照して除き去られるのです。" }, { "key": "Zech.5.4", "text": "万軍の主は仰せられます、わたしはこれを出て行かせる。これは盗む者の家に入り、またわたしの名をさして偽り誓う者の家に入り、その家の中に宿って、これをその木と石と共に滅ぼすと」。" }, { "key": "Zech.5.5", "text": "わたしと語る天の使は進んで来て、わたしに「目をあげて、この出てきた物が、なんであるかを見なさい」と言った。" }, { "key": "Zech.5.6", "text": "わたしが「これはなんですか」と言うと、彼は「この出てきた物は、エパ枡です」と言い、また「これは全地の罪です」と言った。" }, { "key": "Zech.5.7", "text": "そして見よ、鉛のふたを取りあげると、そのエパ枡の中にひとりの女がすわっていた。" }, { "key": "Zech.5.8", "text": "すると彼は「これは罪悪である」と言って、その女をエパ枡の中に押し入れ、鉛の重しを、その枡の口に投げかぶせた。" }, { "key": "Zech.5.9", "text": "それからわたしが目をあげて見ていると、ふたりの女が出てきた。これに、こうのとりの翼のような翼があり、その翼に風をはらんで、エパ枡を天と地との間に持ちあげた。" }, { "key": "Zech.6.1", "text": "わたしがまた目をあげて見ていると、四両の戦車が二つの山の間から出てきた。その山は青銅の山であった。" }, { "key": "Zech.6.10", "text": "「バビロンから帰ってきたかの捕囚の中から、ヘルダイ、トビヤおよびエダヤを連れて、その日にゼパニヤの子ヨシヤの家に行き、" }, { "key": "Zech.6.11", "text": "彼らから金銀を受け取って、一つの冠を造り、それをヨザダクの子である大祭司ヨシュアの頭にかぶらせて、" }, { "key": "Zech.6.12", "text": "彼に言いなさい、『万軍の主は、こう仰せられる、見よ、その名を枝という人がある。彼は自分の場所で成長して、主の宮を建てる。" }, { "key": "Zech.6.13", "text": "すなわち彼は主の宮を建て、王としての光栄を帯び、その位に座して治める。その位のかたわらに、ひとりの祭司がいて、このふたりの間に平和の一致がある』。" }, { "key": "Zech.6.14", "text": "またその冠はヘルダイ、トビヤ、エダヤおよびゼパニヤの子ヨシヤの記念として、主の宮に納められる。" }, { "key": "Zech.6.15", "text": "また遠い所の者どもが来て、主の宮を建てることを助ける。そしてあなたがたは万軍の主が、わたしをつかわされたことを知るようになる。あなたがたがもし励んで、あなたがたの神、主の声に聞き従うならば、このようになる」。" }, { "key": "Zech.6.2", "text": "第一の戦車には赤馬を着け、第二の戦車には黒馬を着け、" }, { "key": "Zech.6.3", "text": "第三の戦車には白馬を着け、第四の戦車には、まだらのねずみ色の馬を着けていた。" }, { "key": "Zech.6.4", "text": "わたしは、わたしと語るみ使に尋ねた、「わが主よ、これらはなんですか」。" }, { "key": "Zech.6.5", "text": "天の使は答えて、わたしに言った、「これらは全地の主の前に現れて後、天の四方に出て行くものです。" }, { "key": "Zech.6.6", "text": "黒馬を着けた戦車は、北の国をさして出て行き、白馬は西の国をさして出て行き、まだらの馬は南の国をさして出て行くのです」。" }, { "key": "Zech.6.7", "text": "馬が出てくると、彼らは、地をあまねくめぐるために、しきりに出たがるのであった。それで彼が「行って、地をあまねくめぐれ」と言うと、彼らは地を行きめぐった。" }, { "key": "Zech.6.8", "text": "すると彼はわたしを呼んで、「北の国をさして行く者どもは、北の国でわたしの心を静まらせてくれた」と言った。" }, { "key": "Zech.6.9", "text": "主の言葉がまたわたしに臨んだ、" }, { "key": "Zech.7.1", "text": "ダリヨス王の第四年の九月、すなわちキスリウという月の四日に、主の言葉がゼカリヤに臨んだ。" }, { "key": "Zech.7.10", "text": "やもめ、みなしご、寄留の他国人および貧しい人を、しえたげてはならない。互に人を害することを、心に図ってはならない」。" }, { "key": "Zech.7.11", "text": "ところが、彼らは聞くことを拒み、肩をそびやかし、耳を鈍くして聞きいれず、" }, { "key": "Zech.7.12", "text": "その心を金剛石のようにして、万軍の主がそのみたまにより、さきの預言者によって伝えられた、律法と言葉とに聞き従わなかった。それゆえ、大いなる怒りが、万軍の主から出て、彼らに臨んだのである。" }, { "key": "Zech.7.13", "text": "「わたしが呼ばわったけれども、彼らは聞こうとしなかった。そのとおりに、彼らが呼ばわっても、わたしは聞かない」と万軍の主は仰せられる。" }, { "key": "Zech.7.14", "text": "「わたしは、つむじ風をもって、彼らを未知のもろもろの国民の中に散らした。こうして彼らが去った後、この地は荒れて行き来する者もなく、この麗しい地は荒れ地となったのである」。" }, { "key": "Zech.7.2", "text": "その時ベテルの人々は、シャレゼル、レゲン・メレクおよびその従者をつかわして、主の恵みを請い、" }, { "key": "Zech.7.3", "text": "かつ万軍の主の宮にいる祭司に問わせ、かつ預言者に問わせて言った、「わたしは今まで、多年おこなってきたように、五月に泣き悲しみ、かつ断食すべきでしょうか」。" }, { "key": "Zech.7.4", "text": "この時、万軍の主の言葉がわたしに臨んだ、" }, { "key": "Zech.7.5", "text": "「地のすべての民、および祭司に告げて言いなさい、あなたがたが七十年の間、五月と七月とに断食し、かつ泣き悲しんだ時、はたして、わたしのために断食したか。" }, { "key": "Zech.7.6", "text": "あなたがたが食い飲みする時、それは全く自分のために食い、自分のために飲むのではないか。" }, { "key": "Zech.7.7", "text": "昔エルサレムがその周囲の町々と共に、人が住み、栄えていた時、また南の地および平野にも、人が住んでいた時に、さきの預言者たちによって、主がお告げになった言葉は、これらの事ではなかったか」。" }, { "key": "Zech.7.8", "text": "主の言葉が、またゼカリヤに臨んだ、" }, { "key": "Zech.7.9", "text": "「万軍の主はこう仰せられる、真実のさばきを行い、互に相いつくしみ、相あわれみ、" }, { "key": "Zech.8.1", "text": "万軍の主の言葉がわたしに臨んだ、" }, { "key": "Zech.8.10", "text": "この日の以前には、人も働きの価を得ず、獣も働きの価を得ず、また出る者もはいる者も、あだのために安全ではなかった。わたしはまた人々を相たがいにそむかせた。" }, { "key": "Zech.8.11", "text": "しかし今は、わたしのこの民の残れる者に対することは、さきの日のようではないと、万軍の主は言われる。" }, { "key": "Zech.8.12", "text": "そこには、平和と繁栄との種がまかれるからである。すなわちぶどうの木は実を結び、地は産物を出し、天は露を与える。わたしはこの民の残れる者に、これをことごとく与える。" }, { "key": "Zech.8.13", "text": "ユダの家およびイスラエルの家よ、あなたがたが、国々の民の中に、のろいとなっていたように、わたしはあなたがたを救って祝福とする。恐れてはならない。あなたがたの手を強くせよ」。" }, { "key": "Zech.8.14", "text": "万軍の主は、こう仰せられる、「あなたがたの先祖が、わたしを怒らせた時に、災を下そうと思って、これをやめなかったように、――万軍の主は言われる――" }, { "key": "Zech.8.15", "text": "そのように、わたしはまた今日、エルサレムとユダの家に恵みを与えよう。恐れてはならない。" }, { "key": "Zech.8.16", "text": "あなたがたのなすべき事はこれである。あなたがたは互に真実を語り、またあなたがたの門で、真実と平和のさばきとを、行わなければならない。" }, { "key": "Zech.8.17", "text": "あなたがたは、互に人を害することを、心に図ってはならない。偽りの誓いを好んではならない。わたしはこれらの事を憎むからであると、主は言われる」。" }, { "key": "Zech.8.18", "text": "万軍の主の言葉がわたしに臨んだ、" }, { "key": "Zech.8.19", "text": "「万軍の主は、こう仰せられる、四月の断食と、五月の断食と、七月の断食と、十月の断食とは、ユダの家の喜び楽しみの時となり、よき祝の時となる。ゆえにあなたがたは、真実と平和とを愛せよ。" }, { "key": "Zech.8.2", "text": "「万軍の主は、こう仰せられる、『わたしはシオンのために、大いなるねたみを起し、またこれがために、大いなる憤りをもってねたむ』。" }, { "key": "Zech.8.20", "text": "万軍の主は、こう仰せられる、もろもろの民および多くの町の住民、すなわち、一つの町の住民は、他の町の人々のところに行き、" }, { "key": "Zech.8.21", "text": "『われわれは、ただちに行って、主の恵みを請い、万軍の主に呼び求めよう』と言うと、『わたしも行こう』と言う。" }, { "key": "Zech.8.22", "text": "多くの民および強い国民はエルサレムに来て、万軍の主を求め、主の恵みを請う。" }, { "key": "Zech.8.23", "text": "万軍の主は、こう仰せられる、その日には、もろもろの国ことばの民の中から十人の者が、ひとりのユダヤ人の衣のすそをつかまえて、『あなたがたと一緒に行こう。神があなたがたと共にいますことを聞いたから』と言う」。" }, { "key": "Zech.8.3", "text": "主はこう仰せられる、『わたしはシオンに帰って、エルサレムの中に住む。エルサレムは忠信な町ととなえられ、万軍の主の山は聖なる山と、となえられる』。" }, { "key": "Zech.8.4", "text": "万軍の主は、こう仰せられる、『エルサレムの街路には再び老いた男、老いた女が座するようになる。みな年寄の人々で、おのおのつえを手に持つ。" }, { "key": "Zech.8.5", "text": "またその町の街路には、男の子、女の子が満ちて、街路に遊び戯れる』。" }, { "key": "Zech.8.6", "text": "万軍の主は、こう仰せられる、『その日には、たとい、この民の残れる者の目に、不思議な事であっても、それはわたしの目にも、不思議な事であろうか』と万軍の主は言われる。" }, { "key": "Zech.8.7", "text": "万軍の主は、こう仰せられる、『見よ、わが民を東の国から、また西の国から救い出し、" }, { "key": "Zech.8.8", "text": "彼らを連れてきて、エルサレムに住まわせ、彼らはわが民となり、わたしは彼らの神となって、共に真実と正義とをもって立つ』」。" }, { "key": "Zech.8.9", "text": "万軍の主は、こう仰せられる、「万軍の主の家である宮を建てるために、その礎をすえた日からこのかた、預言者たちの口から出たこれらの言葉を、きょう聞く者よ、あなたがたの手を強くせよ。" }, { "key": "Zech.9.1", "text": "託宣主の言葉はハデラクの地に臨み、ダマスコの上にとどまる。アラムの町々はイスラエルのすべての部族のように主に属するからである。" }, { "key": "Zech.9.10", "text": "わたしはエフライムから戦車を断ち、エルサレムから軍馬を断つ。また、いくさ弓も断たれる。彼は国々の民に平和を告げ、その政治は海から海に及び、大川から地の果にまで及ぶ。" }, { "key": "Zech.9.11", "text": "あなたについてはまた、あなたとの契約の血のゆえに、わたしはかの水のない穴から、あなたの捕われ人を解き放す。" }, { "key": "Zech.9.12", "text": "望みをいだく捕われ人よ、あなたの城に帰れ。わたしはきょうもなお告げて言う、必ず倍して、あなたをもとに返すことを。" }, { "key": "Zech.9.13", "text": "わたしはユダを張って、わが弓となし、エフライムをその矢とした。シオンよ、わたしはあなたの子らを呼び起して、ギリシヤの人々を攻めさせ、あなたを勇士のつるぎのようにさせる。" }, { "key": "Zech.9.14", "text": "その時、主は彼らの上に現れて、その矢をいなずまのように射られる。主なる神はラッパを吹きならし、南のつむじ風に乗って出てこられる。" }, { "key": "Zech.9.15", "text": "万軍の主は彼らを守られるので、彼らは石投げどもを食い尽し、踏みつける。彼らはまたぶどう酒のように彼らの血を飲み、鉢のようにそれで満たされ、祭壇のすみのように浸される。" }, { "key": "Zech.9.16", "text": "その日、彼らの神、主は、彼らを救い、その民を羊のように養われる。彼らは冠の玉のように、その地に輝く。" }, { "key": "Zech.9.17", "text": "そのさいわい、その麗しさは、いかばかりであろう。穀物は若者を栄えさせ、新しいぶどう酒は、おとめを栄えさせる。" }, { "key": "Zech.9.2", "text": "これに境するハマテもまたそのとおりだ。非常に賢いが、ツロとシドンもまた同様である。" }, { "key": "Zech.9.3", "text": "ツロは自分のために、とりでを築き、銀をちりのように積み、金を道ばたの泥のように積んだ。" }, { "key": "Zech.9.4", "text": "しかし見よ、主はこれを攻め取り、その富を海の中に投げ入れられる。これは火で焼き滅ぼされる。" }, { "key": "Zech.9.5", "text": "アシケロンはこれを見て恐れ、ガザもまた見てもだえ苦しみ、エクロンもまたその望む所のものがはずかしめられて苦しむ。ガザには王が絶え、アシケロンには住む者がなくなり、" }, { "key": "Zech.9.6", "text": "アシドドには混血の民が住む。わたしはペリシテびとの誇を断つ。" }, { "key": "Zech.9.7", "text": "またその口から血を取り除き、その歯の間から憎むべき物を取り除く。これもまた残ってわれわれの神に帰し、ユダの一民族のようになる。またエクロンはエブスびとのようになる。" }, { "key": "Zech.9.8", "text": "その時わたしは、わが家のために営を張って、見張りをし、行き来する者のないようにする。しえたげる者は、かさねて通ることがない。わたしが今、自分の目で見ているからである。" }, { "key": "Zech.9.9", "text": "シオンの娘よ、大いに喜べ、エルサレムの娘よ、呼ばわれ。見よ、あなたの王はあなたの所に来る。彼は義なる者であって勝利を得、柔和であって、ろばに乗る。すなわち、ろばの子である子馬に乗る。" }]
