[{ "key": "1John.1.1", "text": "初めからあったもの、わたしたちが聞いたもの、目で見たもの、よく見て手でさわったもの、すなわち、いのちの言について――" }, { "key": "1John.1.10", "text": "もし、罪を犯したことがないと言うなら、それは神を偽り者とするのであって、神の言はわたしたちのうちにない。" }, { "key": "1John.1.2", "text": "このいのちが現れたので、この永遠のいのちをわたしたちは見て、そのあかしをし、かつ、あなたがたに告げ知らせるのである。この永遠のいのちは、父と共にいましたが、今やわたしたちに現れたものである――" }, { "key": "1John.1.3", "text": "すなわち、わたしたちが見たもの、聞いたものを、あなたがたにも告げ知らせる。それは、あなたがたも、わたしたちの交わりにあずかるようになるためである。わたしたちの交わりとは、父ならびに御子イエス・キリストとの交わりのことである。" }, { "key": "1John.1.4", "text": "これを書きおくるのは、わたしたちの喜びが満ちあふれるためである。" }, { "key": "1John.1.5", "text": "わたしたちがイエスから聞いて、あなたがたに伝えるおとずれは、こうである。神は光であって、神には少しの暗いところもない。" }, { "key": "1John.1.6", "text": "神と交わりをしていると言いながら、もし、やみの中を歩いているなら、わたしたちは偽っているのであって、真理を行っているのではない。" }, { "key": "1John.1.7", "text": "しかし、神が光の中にいますように、わたしたちも光の中を歩くならば、わたしたちは互に交わりをもち、そして、御子イエスの血が、すべての罪からわたしたちをきよめるのである。" }, { "key": "1John.1.8", "text": "もし、罪がないと言うなら、それは自分を欺くことであって、真理はわたしたちのうちにない。" }, { "key": "1John.1.9", "text": "もし、わたしたちが自分の罪を告白するならば、神は真実で正しいかたであるから、その罪をゆるし、すべての不義からわたしたちをきよめて下さる。" }, { "key": "1John.2.1", "text": "わたしの子たちよ。これらのことを書きおくるのは、あなたがたが罪を犯さないようになるためである。もし、罪を犯す者があれば、父のみもとには、わたしたちのために助け主、すなわち、義なるイエス・キリストがおられる。" }, { "key": "1John.2.10", "text": "兄弟を愛する者は、光におるのであって、つまずくことはない。" }, { "key": "1John.2.11", "text": "兄弟を憎む者は、やみの中におり、やみの中を歩くのであって、自分ではどこへ行くのかわからない。やみが彼の目を見えなくしたからである。" }, { "key": "1John.2.12", "text": "子たちよ。あなたがたにこれを書きおくるのは、御名のゆえに、あなたがたの多くの罪がゆるされたからである。" }, { "key": "1John.2.13", "text": "父たちよ。あなたがたに書きおくるのは、あなたがたが、初めからいますかたを知ったからである。若者たちよ。あなたがたに書きおくるのは、あなたがたが、悪しき者にうち勝ったからである。" }, { "key": "1John.2.14", "text": "子供たちよ。あなたがたに書きおくったのは、あなたがたが父を知ったからである。父たちよ。あなたがたに書きおくったのは、あなたがたが、初めからいますかたを知ったからである。若者たちよ。あなたがたに書きおくったのは、あなたがたが強い者であり、神の言があなたがたに宿り、そして、あなたがたが悪しき者にうち勝ったからである。" }, { "key": "1John.2.15", "text": "世と世にあるものとを、愛してはいけない。もし、世を愛する者があれば、父の愛は彼のうちにない。" }, { "key": "1John.2.16", "text": "すべて世にあるもの、すなわち、肉の欲、目の欲、持ち物の誇は、父から出たものではなく、世から出たものである。" }, { "key": "1John.2.17", "text": "世と世の欲とは過ぎ去る。しかし、神の御旨を行う者は、永遠にながらえる。" }, { "key": "1John.2.18", "text": "子供たちよ。今は終りの時である。あなたがたがかねて反キリストが来ると聞いていたように、今や多くの反キリストが現れてきた。それによって今が終りの時であることを知る。" }, { "key": "1John.2.19", "text": "彼らはわたしたちから出て行った。しかし、彼らはわたしたちに属する者ではなかったのである。もし属する者であったなら、わたしたちと一緒にとどまっていたであろう。しかし、出て行ったのは、元来、彼らがみなわたしたちに属さない者であることが、明らかにされるためである。" }, { "key": "1John.2.2", "text": "彼は、わたしたちの罪のための、あがないの供え物である。ただ、わたしたちの罪のためばかりではなく、全世界の罪のためである。" }, { "key": "1John.2.20", "text": "しかし、あなたがたは聖なる者に油を注がれているので、あなたがたすべてが、そのことを知っている。" }, { "key": "1John.2.21", "text": "わたしが書きおくったのは、あなたがたが真理を知らないからではなく、それを知っているからであり、また、すべての偽りは真理から出るものでないことを、知っているからである。" }, { "key": "1John.2.22", "text": "偽り者とは、だれであるか。イエスのキリストであることを否定する者ではないか。父と御子とを否定する者は、反キリストである。" }, { "key": "1John.2.23", "text": "御子を否定する者は父を持たず、御子を告白する者は、また父をも持つのである。" }, { "key": "1John.2.24", "text": "初めから聞いたことが、あなたがたのうちに、とどまるようにしなさい。初めから聞いたことが、あなたがたのうちにとどまっておれば、あなたがたも御子と父とのうちに、とどまることになる。" }, { "key": "1John.2.25", "text": "これが、彼自らわたしたちに約束された約束であって、すなわち、永遠のいのちである。" }, { "key": "1John.2.26", "text": "わたしは、あなたがたを惑わす者たちについて、これらのことを書きおくった。" }, { "key": "1John.2.27", "text": "あなたがたのうちには、キリストからいただいた油がとどまっているので、だれにも教えてもらう必要はない。この油が、すべてのことをあなたがたに教える。それはまことであって、偽りではないから、その油が教えたように、あなたがたは彼のうちにとどまっていなさい。" }, { "key": "1John.2.28", "text": "そこで、子たちよ。キリストのうちにとどまっていなさい。それは、彼が現れる時に、確信を持ち、その来臨に際して、みまえに恥じいることがないためである。" }, { "key": "1John.2.29", "text": "彼の義なるかたであることがわかれば、義を行う者はみな彼から生れたものであることを、知るであろう。" }, { "key": "1John.2.3", "text": "もし、わたしたちが彼の戒めを守るならば、それによって彼を知っていることを悟るのである。" }, { "key": "1John.2.4", "text": "「彼を知っている」と言いながら、その戒めを守らない者は、偽り者であって、真理はその人のうちにない。" }, { "key": "1John.2.5", "text": "しかし、彼の御言を守る者があれば、その人のうちに、神の愛が真に全うされるのである。それによって、わたしたちが彼にあることを知るのである。" }, { "key": "1John.2.6", "text": "「彼におる」と言う者は、彼が歩かれたように、その人自身も歩くべきである。" }, { "key": "1John.2.7", "text": "愛する者たちよ。わたしがあなたがたに書きおくるのは、新しい戒めではなく、あなたがたが初めから受けていた古い戒めである。その古い戒めとは、あなたがたがすでに聞いた御言である。" }, { "key": "1John.2.8", "text": "しかも、新しい戒めを、あなたがたに書きおくるのである。そして、それは、彼にとってもあなたがたにとっても、真理なのである。なぜなら、やみは過ぎ去り、まことの光がすでに輝いているからである。" }, { "key": "1John.2.9", "text": "「光の中にいる」と言いながら、その兄弟を憎む者は、今なお、やみの中にいるのである。" }, { "key": "1John.3.1", "text": "わたしたちが神の子と呼ばれるためには、どんなに大きな愛を父から賜わったことか、よく考えてみなさい。わたしたちは、すでに神の子なのである。世がわたしたちを知らないのは、父を知らなかったからである。" }, { "key": "1John.3.10", "text": "神の子と悪魔の子との区別は、これによって明らかである。すなわち、すべて義を行わない者は、神から出た者ではない。兄弟を愛さない者も、同様である。" }, { "key": "1John.3.11", "text": "わたしたちは互に愛し合うべきである。これが、あなたがたの初めから聞いていたおとずれである。" }, { "key": "1John.3.12", "text": "カインのようになってはいけない。彼は悪しき者から出て、その兄弟を殺したのである。なぜ兄弟を殺したのか。彼のわざが悪く、その兄弟のわざは正しかったからである。" }, { "key": "1John.3.13", "text": "兄弟たちよ。世があなたがたを憎んでも、驚くには及ばない。" }, { "key": "1John.3.14", "text": "わたしたちは、兄弟を愛しているので、死からいのちへ移ってきたことを、知っている。愛さない者は、死のうちにとどまっている。" }, { "key": "1John.3.15", "text": "あなたがたが知っているとおり、すべて兄弟を憎む者は人殺しであり、人殺しはすべて、そのうちに永遠のいのちをとどめてはいない。" }, { "key": "1John.3.16", "text": "主は、わたしたちのためにいのちを捨てて下さった。それによって、わたしたちは愛ということを知った。それゆえに、わたしたちもまた、兄弟のためにいのちを捨てるべきである。" }, { "key": "1John.3.17", "text": "世の富を持っていながら、兄弟が困っているのを見て、あわれみの心を閉じる者には、どうして神の愛が、彼のうちにあろうか。" }, { "key": "1John.3.18", "text": "子たちよ。わたしたちは言葉や口先だけで愛するのではなく、行いと真実とをもって愛し合おうではないか。" }, { "key": "1John.3.19", "text": "それによって、わたしたちが真理から出たものであることがわかる。そして、神のみまえに心を安んじていよう。" }, { "key": "1John.3.2", "text": "愛する者たちよ。わたしたちは今や神の子である。しかし、わたしたちがどうなるのか、まだ明らかではない。彼が現れる時、わたしたちは、自分たちが彼に似るものとなることを知っている。そのまことの御姿を見るからである。" }, { "key": "1John.3.20", "text": "なぜなら、たといわたしたちの心に責められるようなことがあっても、神はわたしたちの心よりも大いなるかたであって、すべてをご存じだからである。" }, { "key": "1John.3.21", "text": "愛する者たちよ。もし心に責められるようなことがなければ、わたしたちは神に対して確信を持つことができる。" }, { "key": "1John.3.22", "text": "そして、願い求めるものは、なんでもいただけるのである。それは、わたしたちが神の戒めを守り、みこころにかなうことを、行っているからである。" }, { "key": "1John.3.23", "text": "その戒めというのは、神の子イエス・キリストの御名を信じ、わたしたちに命じられたように、互に愛し合うべきことである。" }, { "key": "1John.3.24", "text": "神の戒めを守る人は、神におり、神もまたその人にいます。そして、神がわたしたちのうちにいますことは、神がわたしたちに賜わった御霊によって知るのである。" }, { "key": "1John.3.3", "text": "彼についてこの望みをいだいている者は皆、彼がきよくあられるように、自らをきよくする。" }, { "key": "1John.3.4", "text": "すべて罪を犯す者は、不法を行う者である。罪は不法である。" }, { "key": "1John.3.5", "text": "あなたがたが知っているとおり、彼は罪をとり除くために現れたのであって、彼にはなんらの罪がない。" }, { "key": "1John.3.6", "text": "すべて彼におる者は、罪を犯さない。すべて罪を犯す者は彼を見たこともなく、知ったこともない者である。" }, { "key": "1John.3.7", "text": "子たちよ。だれにも惑わされてはならない。彼が義人であると同様に、義を行う者は義人である。" }, { "key": "1John.3.8", "text": "罪を犯す者は、悪魔から出た者である。悪魔は初めから罪を犯しているからである。神の子が現れたのは、悪魔のわざを滅ぼしてしまうためである。" }, { "key": "1John.3.9", "text": "すべて神から生れた者は、罪を犯さない。神の種が、その人のうちにとどまっているからである。また、その人は、神から生れた者であるから、罪を犯すことができない。" }, { "key": "1John.4.1", "text": "愛する者たちよ。すべての霊を信じることはしないで、それらの霊が神から出たものであるかどうか、ためしなさい。多くのにせ預言者が世に出てきているからである。" }, { "key": "1John.4.10", "text": "わたしたちが神を愛したのではなく、神がわたしたちを愛して下さって、わたしたちの罪のためにあがないの供え物として、御子をおつかわしになった。ここに愛がある。" }, { "key": "1John.4.11", "text": "愛する者たちよ。神がこのようにわたしたちを愛して下さったのであるから、わたしたちも互に愛し合うべきである。" }, { "key": "1John.4.12", "text": "神を見た者は、まだひとりもいない。もしわたしたちが互に愛し合うなら、神はわたしたちのうちにいまし、神の愛がわたしたちのうちに全うされるのである。" }, { "key": "1John.4.13", "text": "神が御霊をわたしたちに賜わったことによって、わたしたちが神におり、神がわたしたちにいますことを知る。" }, { "key": "1John.4.14", "text": "わたしたちは、父が御子を世の救主としておつかわしになったのを見て、そのあかしをするのである。" }, { "key": "1John.4.15", "text": "もし人が、イエスを神の子と告白すれば、神はその人のうちにいまし、その人は神のうちにいるのである。" }, { "key": "1John.4.16", "text": "わたしたちは、神がわたしたちに対して持っておられる愛を知り、かつ信じている。神は愛である。愛のうちにいる者は、神におり、神も彼にいます。" }, { "key": "1John.4.17", "text": "わたしたちもこの世にあって彼のように生きているので、さばきの日に確信を持って立つことができる。そのことによって、愛がわたしたちに全うされているのである。" }, { "key": "1John.4.18", "text": "愛には恐れがない。完全な愛は恐れをとり除く。恐れには懲らしめが伴い、かつ恐れる者には、愛が全うされていないからである。" }, { "key": "1John.4.19", "text": "わたしたちが愛し合うのは、神がまずわたしたちを愛して下さったからである。" }, { "key": "1John.4.2", "text": "あなたがたは、こうして神の霊を知るのである。すなわち、イエス・キリストが肉体をとってこられたことを告白する霊は、すべて神から出ているものであり、" }, { "key": "1John.4.20", "text": "「神を愛している」と言いながら兄弟を憎む者は、偽り者である。現に見ている兄弟を愛さない者は、目に見えない神を愛することはできない。" }, { "key": "1John.4.21", "text": "神を愛する者は、兄弟をも愛すべきである。この戒めを、わたしたちは神から授かっている。" }, { "key": "1John.4.3", "text": "イエスを告白しない霊は、すべて神から出ているものではない。これは、反キリストの霊である。あなたがたは、それが来るとかねて聞いていたが、今やすでに世にきている。" }, { "key": "1John.4.4", "text": "子たちよ。あなたがたは神から出た者であって、彼らにうち勝ったのである。あなたがたのうちにいますのは、世にある者よりも大いなる者なのである。" }, { "key": "1John.4.5", "text": "彼らは世から出たものである。だから、彼らは世のことを語り、世も彼らの言うことを聞くのである。" }, { "key": "1John.4.6", "text": "しかし、わたしたちは神から出たものである。神を知っている者は、わたしたちの言うことを聞き、神から出ない者は、わたしたちの言うことを聞かない。これによって、わたしたちは、真理の霊と迷いの霊との区別を知るのである。" }, { "key": "1John.4.7", "text": "愛する者たちよ。わたしたちは互に愛し合おうではないか。愛は、神から出たものなのである。すべて愛する者は、神から生れた者であって、神を知っている。" }, { "key": "1John.4.8", "text": "愛さない者は、神を知らない。神は愛である。" }, { "key": "1John.4.9", "text": "神はそのひとり子を世につかわし、彼によってわたしたちを生きるようにして下さった。それによって、わたしたちに対する神の愛が明らかにされたのである。" }, { "key": "1John.5.1", "text": "すべてイエスのキリストであることを信じる者は、神から生れた者である。すべて生んで下さったかたを愛する者は、そのかたから生れた者をも愛するのである。" }, { "key": "1John.5.10", "text": "神の子を信じる者は、自分のうちにこのあかしを持っている。神を信じない者は、神を偽り者とする。神が御子についてあかしせられたそのあかしを、信じていないからである。" }, { "key": "1John.5.11", "text": "そのあかしとは、神が永遠のいのちをわたしたちに賜わり、かつ、そのいのちが御子のうちにあるということである。" }, { "key": "1John.5.12", "text": "御子を持つ者はいのちを持ち、神の御子を持たない者はいのちを持っていない。" }, { "key": "1John.5.13", "text": "これらのことをあなたがたに書きおくったのは、神の子の御名を信じるあなたがたに、永遠のいのちを持っていることを、悟らせるためである。" }, { "key": "1John.5.14", "text": "わたしたちが神に対していだいている確信は、こうである。すなわち、わたしたちが何事でも神の御旨に従って願い求めるなら、神はそれを聞きいれて下さるということである。" }, { "key": "1John.5.15", "text": "そして、わたしたちが願い求めることは、なんでも聞きいれて下さるとわかれば、神に願い求めたことはすでにかなえられたことを、知るのである。" }, { "key": "1John.5.16", "text": "もしだれかが死に至ることのない罪を犯している兄弟を見たら、神に願い求めなさい。そうすれば神は、死に至ることのない罪を犯している人々には、いのちを賜わるであろう。死に至る罪がある。これについては、願い求めよ、とは言わない。" }, { "key": "1John.5.17", "text": "不義はすべて、罪である。しかし、死に至ることのない罪もある。" }, { "key": "1John.5.18", "text": "すべて神から生れた者は罪を犯さないことを、わたしたちは知っている。神から生れたかたが彼を守っていて下さるので、悪しき者が手を触れるようなことはない。" }, { "key": "1John.5.19", "text": "また、わたしたちは神から出た者であり、全世界は悪しき者の配下にあることを、知っている。" }, { "key": "1John.5.2", "text": "神を愛してその戒めを行えば、それによってわたしたちは、神の子たちを愛していることを知るのである。" }, { "key": "1John.5.20", "text": "さらに、神の子がきて、真実なかたを知る知力をわたしたちに授けて下さったことも、知っている。そして、わたしたちは、真実なかたにおり、御子イエス・キリストにおるのである。このかたは真実な神であり、永遠のいのちである。" }, { "key": "1John.5.21", "text": "子たちよ。気をつけて、偶像を避けなさい。" }, { "key": "1John.5.3", "text": "神を愛するとは、すなわち、その戒めを守ることである。そして、その戒めはむずかしいものではない。" }, { "key": "1John.5.4", "text": "なぜなら、すべて神から生れた者は、世に勝つからである。そして、わたしたちの信仰こそ、世に勝たしめた勝利の力である。" }, { "key": "1John.5.5", "text": "世に勝つ者はだれか。イエスを神の子と信じる者ではないか。" }, { "key": "1John.5.6", "text": "このイエス・キリストは、水と血とをとおってこられたかたである。水によるだけではなく、水と血とによってこられたのである。そのあかしをするものは、御霊である。御霊は真理だからである。" }, { "key": "1John.5.7", "text": "あかしをするものが、三つある。" }, { "key": "1John.5.8", "text": "御霊と水と血とである。そして、この三つのものは一致する。" }, { "key": "1John.5.9", "text": "わたしたちは人間のあかしを受けいれるが、しかし、神のあかしはさらにまさっている。神のあかしというのは、すなわち、御子について立てられたあかしである。" }]
