[{ "key": "2John.1.1", "text": "長老のわたしから、真実に愛している選ばれた婦人とその子たちへ。あなたがたを愛しているのは、わたしだけではなく、真理を知っている者はみなそうである。" }, { "key": "2John.1.10", "text": "この教を持たずにあなたがたのところに来る者があれば、その人を家に入れることも、あいさつすることもしてはいけない。" }, { "key": "2John.1.11", "text": "そのような人にあいさつする者は、その悪い行いにあずかることになるからである。" }, { "key": "2John.1.12", "text": "あなたがたに書きおくることはたくさんあるが、紙と墨とで書くことはすまい。むしろ、あなたがたのところに行き、直接はなし合って、共に喜びに満ちあふれたいものである。" }, { "key": "2John.1.13", "text": "選ばれたあなたの姉妹の子供たちが、あなたによろしく。" }, { "key": "2John.1.2", "text": "それは、わたしたちのうちにあり、また永遠に共にあるべき真理によるのである。" }, { "key": "2John.1.3", "text": "父なる神および父の御子イエス・キリストから、恵みとあわれみと平安とが、真理と愛のうちにあって、わたしたちと共にあるように。" }, { "key": "2John.1.4", "text": "あなたの子供たちのうちで、わたしたちが父から受けた戒めどおりに、真理のうちを歩いている者があるのを見て、わたしは非常に喜んでいる。" }, { "key": "2John.1.5", "text": "婦人よ。ここにお願いしたいことがある。それは、新しい戒めを書くわけではなく、初めから持っていた戒めなのであるが、わたしたちは、みんな互に愛し合おうではないか。" }, { "key": "2John.1.6", "text": "父の戒めどおりに歩くことが、すなわち、愛であり、あなたがたが初めから聞いてきたとおりに愛のうちを歩くことが、すなわち、戒めなのである。" }, { "key": "2John.1.7", "text": "なぜなら、イエス・キリストが肉体をとってこられたことを告白しないで人を惑わす者が、多く世にはいってきたからである。そういう者は、惑わす者であり、反キリストである。" }, { "key": "2John.1.8", "text": "よく注意して、わたしたちの働いて得た成果を失うことがなく、豊かな報いを受けられるようにしなさい。" }, { "key": "2John.1.9", "text": "すべてキリストの教をとおり過ごして、それにとどまらない者は、神を持っていないのである。その教にとどまっている者は、父を持ち、また御子をも持つ。" }]
