[{ "key": "2Tim.1.1", "text": "神の御旨により、キリスト・イエスにあるいのちの約束によって立てられたキリスト・イエスの使徒パウロから、" }, { "key": "2Tim.1.10", "text": "そして今や、わたしたちの救主キリスト・イエスの出現によって明らかにされた恵みによるのである。キリストは死を滅ぼし、福音によっていのちと不死とを明らかに示されたのである。" }, { "key": "2Tim.1.11", "text": "わたしは、この福音のために立てられて、その宣教者、使徒、教師になった。" }, { "key": "2Tim.1.12", "text": "そのためにまた、わたしはこのような苦しみを受けているが、それを恥としない。なぜなら、わたしは自分の信じてきたかたを知っており、またそのかたは、わたしにゆだねられているものを、かの日に至るまで守って下さることができると、確信しているからである。" }, { "key": "2Tim.1.13", "text": "あなたは、キリスト・イエスに対する信仰と愛とをもって、わたしから聞いた健全な言葉を模範にしなさい。" }, { "key": "2Tim.1.14", "text": "そして、あなたにゆだねられている尊いものを、わたしたちの内に宿っている聖霊によって守りなさい。" }, { "key": "2Tim.1.15", "text": "あなたの知っているように、アジヤにいる者たちは、皆わたしから離れて行った。その中には、フゲロとヘルモゲネもいる。" }, { "key": "2Tim.1.16", "text": "どうか、主が、オネシポロの家にあわれみをたれて下さるように。彼はたびたび、わたしを慰めてくれ、またわたしの鎖を恥とも思わないで、" }, { "key": "2Tim.1.17", "text": "ローマに着いた時には、熱心にわたしを捜しまわった末、尋ね出してくれたのである。" }, { "key": "2Tim.1.18", "text": "どうか、主がかの日に、あわれみを彼に賜わるように。――彼がエペソで、どれほどわたしに仕えてくれたかは、だれよりもあなたがよく知っている。" }, { "key": "2Tim.1.2", "text": "愛する子テモテへ。" }, { "key": "2Tim.1.3", "text": "わたしは、日夜、祈の中で、絶えずあなたのことを思い出しては、きよい良心をもって先祖以来つかえている神に感謝している。" }, { "key": "2Tim.1.4", "text": "わたしは、あなたの涙をおぼえており、あなたに会って喜びで満たされたいと、切に願っている。" }, { "key": "2Tim.1.5", "text": "また、あなたがいだいている偽りのない信仰を思い起している。この信仰は、まずあなたの祖母ロイスとあなたの母ユニケとに宿ったものであったが、今あなたにも宿っていると、わたしは確信している。" }, { "key": "2Tim.1.6", "text": "こういうわけで、あなたに注意したい。わたしの按手によって内にいただいた神の賜物を、再び燃えたたせなさい。" }, { "key": "2Tim.1.7", "text": "というのは、神がわたしたちに下さったのは、臆する霊ではなく、力と愛と慎みとの霊なのである。" }, { "key": "2Tim.1.8", "text": "だから、あなたは、わたしたちの主のあかしをすることや、わたしが主の囚人であることを、決して恥ずかしく思ってはならない。むしろ、神の力にささえられて、福音のために、わたしと苦しみを共にしてほしい。" }, { "key": "2Tim.1.9", "text": "神はわたしたちを救い、聖なる招きをもって召して下さったのであるが、それは、わたしたちのわざによるのではなく、神ご自身の計画に基き、また、永遠の昔にキリスト・イエスにあってわたしたちに賜わっていた恵み、" }, { "key": "2Tim.2.1", "text": "そこで、わたしの子よ。あなたはキリスト・イエスにある恵みによって、強くなりなさい。" }, { "key": "2Tim.2.10", "text": "それだから、わたしは選ばれた人たちのために、いっさいのことを耐え忍ぶのである。それは、彼らもキリスト・イエスによる救を受け、また、それと共に永遠の栄光を受けるためである。" }, { "key": "2Tim.2.11", "text": "次の言葉は確実である。「もしわたしたちが、彼と共に死んだなら、また彼と共に生きるであろう。" }, { "key": "2Tim.2.12", "text": "もし耐え忍ぶなら、彼と共に支配者となるであろう。もし彼を否むなら、彼もわたしたちを否むであろう。" }, { "key": "2Tim.2.13", "text": "たとい、わたしたちは不真実であっても、彼は常に真実である。彼は自分を偽ることが、できないのである」。" }, { "key": "2Tim.2.14", "text": "あなたは、これらのことを彼らに思い出させて、なんの益もなく、聞いている人々を破滅におとしいれるだけである言葉の争いをしないように、神のみまえでおごそかに命じなさい。" }, { "key": "2Tim.2.15", "text": "あなたは真理の言葉を正しく教え、恥じるところのない錬達した働き人になって、神に自分をささげるように努めはげみなさい。" }, { "key": "2Tim.2.16", "text": "俗悪なむだ話を避けなさい。それによって人々は、ますます不信心に落ちていき、" }, { "key": "2Tim.2.17", "text": "彼らの言葉は、がんのように腐れひろがるであろう。その中にはヒメナオとピレトとがいる。" }, { "key": "2Tim.2.18", "text": "彼らは真理からはずれ、復活はすでに済んでしまったと言い、そして、ある人々の信仰をくつがえしている。" }, { "key": "2Tim.2.19", "text": "しかし、神のゆるがない土台はすえられていて、それに次の句が証印として、しるされている。「主は自分の者たちを知る」。また「主の名を呼ぶ者は、すべて不義から離れよ」。" }, { "key": "2Tim.2.2", "text": "そして、あなたが多くの証人の前でわたしから聞いたことを、さらにほかの者たちにも教えることのできるような忠実な人々に、ゆだねなさい。" }, { "key": "2Tim.2.20", "text": "大きな家には、金や銀の器ばかりではなく、木や土の器もあり、そして、あるものは尊いことに用いられ、あるものは卑しいことに用いられる。" }, { "key": "2Tim.2.21", "text": "もし人が卑しいものを取り去って自分をきよめるなら、彼は尊いきよめられた器となって、主人に役立つものとなり、すべての良いわざに間に合うようになる。" }, { "key": "2Tim.2.22", "text": "そこで、あなたは若い時の情欲を避けなさい。そして、きよい心をもって主を呼び求める人々と共に、義と信仰と愛と平和とを追い求めなさい。" }, { "key": "2Tim.2.23", "text": "愚かで無知な論議をやめなさい。それは、あなたが知っているとおり、ただ争いに終るだけである。" }, { "key": "2Tim.2.24", "text": "主の僕たる者は争ってはならない。だれに対しても親切であって、よく教え、よく忍び、" }, { "key": "2Tim.2.25", "text": "反対する者を柔和な心で教え導くべきである。おそらく神は、彼らに悔改めの心を与えて、真理を知らせ、" }, { "key": "2Tim.2.26", "text": "一度は悪魔に捕えられてその欲するままになっていても、目ざめて彼のわなからのがれさせて下さるであろう。" }, { "key": "2Tim.2.3", "text": "キリスト・イエスの良い兵卒として、わたしと苦しみを共にしてほしい。" }, { "key": "2Tim.2.4", "text": "兵役に服している者は、日常生活の事に煩わされてはいない。ただ、兵を募った司令官を喜ばせようと努める。" }, { "key": "2Tim.2.5", "text": "また、競技をするにしても、規定に従って競技をしなければ、栄冠は得られない。" }, { "key": "2Tim.2.6", "text": "労苦をする農夫が、だれよりも先に、生産物の分配にあずかるべきである。" }, { "key": "2Tim.2.7", "text": "わたしの言うことを、よく考えてみなさい。主は、それを十分に理解する力をあなたに賜わるであろう。" }, { "key": "2Tim.2.8", "text": "ダビデの子孫として生れ、死人のうちからよみがえったイエス・キリストを、いつも思っていなさい。これがわたしの福音である。" }, { "key": "2Tim.2.9", "text": "この福音のために、わたしは悪者のように苦しめられ、ついに鎖につながれるに至った。しかし、神の言はつながれてはいない。" }, { "key": "2Tim.3.1", "text": "しかし、このことは知っておかねばならない。終りの時には、苦難の時代が来る。" }, { "key": "2Tim.3.10", "text": "しかしあなたは、わたしの教、歩み、こころざし、信仰、寛容、愛、忍耐、" }, { "key": "2Tim.3.11", "text": "それから、わたしがアンテオケ、イコニオム、ルステラで受けた数々の迫害、苦難に、よくも続いてきてくれた。そのひどい迫害にわたしは耐えてきたが、主はそれらいっさいのことから、救い出して下さったのである。" }, { "key": "2Tim.3.12", "text": "いったい、キリスト・イエスにあって信心深く生きようとする者は、みな、迫害を受ける。" }, { "key": "2Tim.3.13", "text": "悪人と詐欺師とは人を惑わし人に惑わされて、悪から悪へと落ちていく。" }, { "key": "2Tim.3.14", "text": "しかし、あなたは、自分が学んで確信しているところに、いつもとどまっていなさい。あなたは、それをだれから学んだか知っており、" }, { "key": "2Tim.3.15", "text": "また幼い時から、聖書に親しみ、それが、キリスト・イエスに対する信仰によって救に至る知恵を、あなたに与えうる書物であることを知っている。" }, { "key": "2Tim.3.16", "text": "聖書は、すべて神の霊感を受けて書かれたものであって、人を教え、戒め、正しくし、義に導くのに有益である。" }, { "key": "2Tim.3.17", "text": "それによって、神の人が、あらゆる良いわざに対して十分な準備ができて、完全にととのえられた者になるのである。" }, { "key": "2Tim.3.2", "text": "その時、人々は自分を愛する者、金を愛する者、大言壮語する者、高慢な者、神をそしる者、親に逆らう者、恩を知らぬ者、神聖を汚す者、" }, { "key": "2Tim.3.3", "text": "無情な者、融和しない者、そしる者、無節制な者、粗暴な者、善を好まない者、" }, { "key": "2Tim.3.4", "text": "裏切り者、乱暴者、高言をする者、神よりも快楽を愛する者、" }, { "key": "2Tim.3.5", "text": "信心深い様子をしながらその実を捨てる者となるであろう。こうした人々を避けなさい。" }, { "key": "2Tim.3.6", "text": "彼らの中には、人の家にもぐり込み、そして、さまざまの欲に心を奪われて、多くの罪を積み重ねている愚かな女どもを、とりこにしている者がある。" }, { "key": "2Tim.3.7", "text": "彼女たちは、常に学んではいるが、いつになっても真理の知識に達することができない。" }, { "key": "2Tim.3.8", "text": "ちょうど、ヤンネとヤンブレとがモーセに逆らったように、こうした人々も真理に逆らうのである。彼らは知性の腐った、信仰の失格者である。" }, { "key": "2Tim.3.9", "text": "しかし、彼らはそのまま進んでいけるはずがない。彼らの愚かさは、あのふたりの場合と同じように、多くの人に知れて来るであろう。" }, { "key": "2Tim.4.1", "text": "神のみまえと、生きている者と死んだ者とをさばくべきキリスト・イエスのみまえで、キリストの出現とその御国とを思い、おごそかに命じる。" }, { "key": "2Tim.4.10", "text": "デマスはこの世を愛し、わたしを捨ててテサロニケに行ってしまい、クレスケンスはガラテヤに、テトスはダルマテヤに行った。" }, { "key": "2Tim.4.11", "text": "ただルカだけが、わたしのもとにいる。マルコを連れて、一緒にきなさい。彼はわたしの務のために役に立つから。" }, { "key": "2Tim.4.12", "text": "わたしはテキコをエペソにつかわした。" }, { "key": "2Tim.4.13", "text": "あなたが来るときに、トロアスのカルポの所に残しておいた上着を持ってきてほしい。また書物も、特に、羊皮紙のを持ってきてもらいたい。" }, { "key": "2Tim.4.14", "text": "銅細工人のアレキサンデルが、わたしを大いに苦しめた。主はそのしわざに対して、彼に報いなさるだろう。" }, { "key": "2Tim.4.15", "text": "あなたも、彼を警戒しなさい。彼は、わたしたちの言うことに強く反対したのだから。" }, { "key": "2Tim.4.16", "text": "わたしの第一回の弁明の際には、わたしに味方をする者はひとりもなく、みなわたしを捨てて行った。どうか、彼らが、そのために責められることがないように。" }, { "key": "2Tim.4.17", "text": "しかし、わたしが御言を余すところなく宣べ伝えて、すべての異邦人に聞かせるように、主はわたしを助け、力づけて下さった。そして、わたしは、ししの口から救い出されたのである。" }, { "key": "2Tim.4.18", "text": "主はわたしを、すべての悪のわざから助け出し、天にある御国に救い入れて下さるであろう。栄光が永遠から永遠にわたって主にあるように、アァメン。" }, { "key": "2Tim.4.19", "text": "プリスカとアクラとに、またオネシポロの家に、よろしく伝えてほしい。" }, { "key": "2Tim.4.2", "text": "御言を宣べ伝えなさい。時が良くても悪くても、それを励み、あくまでも寛容な心でよく教えて、責め、戒め、勧めなさい。" }, { "key": "2Tim.4.20", "text": "エラストはコリントにとどまっており、トロピモは病気なので、ミレトに残してきた。" }, { "key": "2Tim.4.21", "text": "冬になる前に、急いできてほしい。ユブロ、プデス、リノス、クラウデヤならびにすべての兄弟たちから、あなたによろしく。" }, { "key": "2Tim.4.22", "text": "主が、あなたの霊と共にいますように。恵みが、あなたがたと共にあるように。" }, { "key": "2Tim.4.3", "text": "人々が健全な教に耐えられなくなり、耳ざわりのよい話をしてもらおうとして、自分勝手な好みにまかせて教師たちを寄せ集め、" }, { "key": "2Tim.4.4", "text": "そして、真理からは耳をそむけて、作り話の方にそれていく時が来るであろう。" }, { "key": "2Tim.4.5", "text": "しかし、あなたは、何事にも慎み、苦難を忍び、伝道者のわざをなし、自分の務を全うしなさい。" }, { "key": "2Tim.4.6", "text": "わたしは、すでに自身を犠牲としてささげている。わたしが世を去るべき時はきた。" }, { "key": "2Tim.4.7", "text": "わたしは戦いをりっぱに戦いぬき、走るべき行程を走りつくし、信仰を守りとおした。" }, { "key": "2Tim.4.8", "text": "今や、義の冠がわたしを待っているばかりである。かの日には、公平な審判者である主が、それを授けて下さるであろう。わたしばかりではなく、主の出現を心から待ち望んでいたすべての人にも授けて下さるであろう。" }, { "key": "2Tim.4.9", "text": "わたしの所に、急いで早くきてほしい。" }]
