[{ "key": "3John.1.1", "text": "長老のわたしから、真実に愛している親愛なるガイオへ。" }, { "key": "3John.1.10", "text": "だから、わたしがそちらへ行った時、彼のしわざを指摘しようと思う。彼は口ぎたなくわたしたちをののしり、そればかりか、兄弟たちを受けいれようともせず、受けいれようとする人たちを妨げて、教会から追い出している。" }, { "key": "3John.1.11", "text": "愛する者よ。悪にならわないで、善にならいなさい。善を行う者は神から出た者であり、悪を行う者は神を見たことのない者である。" }, { "key": "3John.1.12", "text": "デメテリオについては、あらゆる人も、また真理そのものも、証明している。わたしたちも証明している。そして、あなたが知っているとおり、わたしたちの証明は真実である。" }, { "key": "3John.1.13", "text": "あなたに書きおくりたいことはたくさんあるが、墨と筆とで書くことはすまい。" }, { "key": "3John.1.14", "text": "すぐにでもあなたに会って、直接はなし合いたいものである。" }, { "key": "3John.1.15", "text": "平安が、あなたにあるように。友人たちから、あなたによろしく。友人たちひとりびとりに、よろしく。" }, { "key": "3John.1.2", "text": "愛する者よ。あなたのたましいがいつも恵まれていると同じく、あなたがすべてのことに恵まれ、またすこやかであるようにと、わたしは祈っている。" }, { "key": "3John.1.3", "text": "兄弟たちがきて、あなたが真理に生きていることを、あかししてくれたので、ひじょうに喜んでいる。事実、あなたは真理のうちを歩いているのである。" }, { "key": "3John.1.4", "text": "わたしの子供たちが真理のうちを歩いていることを聞く以上に、大きい喜びはない。" }, { "key": "3John.1.5", "text": "愛する者よ。あなたが、兄弟たち、しかも旅先にある者につくしていることは、みな真実なわざである。" }, { "key": "3John.1.6", "text": "彼らは、諸教会で、あなたの愛についてあかしをした。それらの人々を、神のみこころにかなうように送り出してくれたら、それは願わしいことである。" }, { "key": "3John.1.7", "text": "彼らは、御名のために旅立った者であって、異邦人からは何も受けていない。" }, { "key": "3John.1.8", "text": "それだから、わたしたちは、真理のための同労者となるように、こういう人々を助けねばならない。" }, { "key": "3John.1.9", "text": "わたしは少しばかり教会に書きおくっておいたが、みんなのかしらになりたがっているデオテレペスが、わたしたちを受けいれてくれない。" }]
