[{ "key": "Phlm.1.1", "text": "キリスト・イエスの囚人パウロと兄弟テモテから、わたしたちの愛する同労者ピレモン、" }, { "key": "Phlm.1.10", "text": "捕われの身で産んだわたしの子供オネシモについて、あなたにお願いする。" }, { "key": "Phlm.1.11", "text": "彼は以前は、あなたにとって無益な者であったが、今は、あなたにも、わたしにも、有益な者になった。" }, { "key": "Phlm.1.12", "text": "彼をあなたのもとに送りかえす。彼はわたしの心である。" }, { "key": "Phlm.1.13", "text": "わたしは彼を身近に引きとめておいて、わたしが福音のために捕われている間、あなたに代って仕えてもらいたかったのである。" }, { "key": "Phlm.1.14", "text": "しかし、わたしは、あなたの承諾なしには何もしたくない。あなたが強制されて良い行いをするのではなく、自発的にすることを願っている。" }, { "key": "Phlm.1.15", "text": "彼がしばらくの間あなたから離れていたのは、あなたが彼をいつまでも留めておくためであったかも知れない。" }, { "key": "Phlm.1.16", "text": "しかも、もはや奴隷としてではなく、奴隷以上のもの、愛する兄弟としてである。とりわけ、わたしにとってそうであるが、ましてあなたにとっては、肉においても、主にあっても、それ以上であろう。" }, { "key": "Phlm.1.17", "text": "そこで、もしわたしをあなたの信仰の友と思ってくれるなら、わたし同様に彼を受けいれてほしい。" }, { "key": "Phlm.1.18", "text": "もし、彼があなたに何か不都合なことをしたか、あるいは、何か負債があれば、それをわたしの借りにしておいてほしい。" }, { "key": "Phlm.1.19", "text": "このパウロが手ずからしるす、わたしがそれを返済する。この際、あなたが、あなた自身をわたしに負うていることについては、何も言うまい。" }, { "key": "Phlm.1.2", "text": "姉妹アピヤ、わたしたちの戦友アルキポ、ならびに、あなたの家にある教会へ。" }, { "key": "Phlm.1.20", "text": "兄弟よ。わたしはあなたから、主にあって何か益を得たいものである。わたしの心を、主にあって力づけてもらいたい。" }, { "key": "Phlm.1.21", "text": "わたしはあなたの従順を堅く信じて、この手紙を書く。あなたは、確かにわたしが言う以上のことをしてくれるだろう。" }, { "key": "Phlm.1.22", "text": "ついでにお願いするが、わたしのために宿を用意しておいてほしい。あなたがたの祈によって、あなたがたの所に行かせてもらえるように望んでいるのだから。" }, { "key": "Phlm.1.23", "text": "キリスト・イエスにあって、わたしと共に捕われの身になっているエパフラスから、あなたによろしく。" }, { "key": "Phlm.1.24", "text": "わたしの同労者たち、マルコ、アリスタルコ、デマス、ルカからも、よろしく。" }, { "key": "Phlm.1.25", "text": "主イエス・キリストの恵みが、あなたがたの霊と共にあるように。" }, { "key": "Phlm.1.3", "text": "わたしたちの父なる神と主イエス・キリストから、恵みと平安とが、あなたがたにあるように。" }, { "key": "Phlm.1.4", "text": "わたしは、祈の時にあなたをおぼえて、いつもわたしの神に感謝している。" }, { "key": "Phlm.1.5", "text": "それは、主イエスに対し、また、すべての聖徒に対するあなたの愛と信仰とについて、聞いているからである。" }, { "key": "Phlm.1.6", "text": "どうか、あなたの信仰の交わりが強められて、わたしたちの間でキリストのためになされているすべての良いことが、知られて来るようになってほしい。" }, { "key": "Phlm.1.7", "text": "兄弟よ。わたしは、あなたの愛によって多くの喜びと慰めとを与えられた。聖徒たちの心が、あなたによって力づけられたからである。" }, { "key": "Phlm.1.8", "text": "こういうわけで、わたしは、キリストにあってあなたのなすべき事を、きわめて率直に指示してもよいと思うが、" }, { "key": "Phlm.1.9", "text": "むしろ、愛のゆえにお願いする。すでに老年になり、今またキリスト・イエスの囚人となっているこのパウロが、" }]
