[{ "key": "Titus.1.1", "text": "神の僕、イエス・キリストの使徒パウロから――わたしが使徒とされたのは、神に選ばれた者たちの信仰を強め、また、信心にかなう真理の知識を彼らに得させるためであり、" }, { "key": "Titus.1.10", "text": "実は、法に服さない者、空論に走る者、人の心を惑わす者が多くおり、とくに、割礼のある者の中に多い。" }, { "key": "Titus.1.11", "text": "彼らの口を封ずべきである。彼らは恥ずべき利のために、教えてはならないことを教えて、数々の家庭を破壊してしまっている。" }, { "key": "Titus.1.12", "text": "クレテ人のうちのある預言者が「クレテ人は、いつもうそつき、たちの悪いけもの、なまけ者の食いしんぼう」" }, { "key": "Titus.1.13", "text": "この非難はあたっている。だから、彼らをきびしく責めて、その信仰を健全なものにし、" }, { "key": "Titus.1.14", "text": "ユダヤ人の作り話や、真理からそれていった人々の定めなどに、気をとられることがないようにさせなさい。" }, { "key": "Titus.1.15", "text": "きよい人には、すべてのものがきよい。しかし、汚れている不信仰な人には、きよいものは一つもなく、その知性も良心も汚れてしまっている。" }, { "key": "Titus.1.16", "text": "彼らは神を知っていると、口では言うが、行いではそれを否定している。彼らは忌まわしい者、また不従順な者であって、いっさいの良いわざに関しては、失格者である。" }, { "key": "Titus.1.2", "text": "偽りのない神が永遠の昔に約束された永遠のいのちの望みに基くのである。" }, { "key": "Titus.1.3", "text": "神は、定められた時に及んで、御言を宣教によって明らかにされたが、わたしは、わたしたちの救主なる神の任命によって、この宣教をゆだねられたのである――" }, { "key": "Titus.1.4", "text": "信仰を同じうするわたしの真実の子テトスへ。" }, { "key": "Titus.1.5", "text": "あなたをクレテにおいてきたのは、わたしがあなたに命じておいたように、そこにし残してあることを整理してもらい、また、町々に長老を立ててもらうためにほかならない。" }, { "key": "Titus.1.6", "text": "長老は、責められる点がなく、ひとりの妻の夫であって、その子たちも不品行のうわさをたてられず、親不孝をしない信者でなくてはならない。" }, { "key": "Titus.1.7", "text": "監督たる者は、神に仕える者として、責められる点がなく、わがままでなく、軽々しく怒らず、酒を好まず、乱暴でなく、利をむさぼらず、" }, { "key": "Titus.1.8", "text": "かえって、旅人をもてなし、善を愛し、慎み深く、正しく、信仰深く、自制する者であり、" }, { "key": "Titus.1.9", "text": "教にかなった信頼すべき言葉を守る人でなければならない。それは、彼が健全な教によって人をさとし、また、反対者の誤りを指摘することができるためである。" }, { "key": "Titus.2.1", "text": "しかし、あなたは、健全な教にかなうことを語りなさい。" }, { "key": "Titus.2.10", "text": "盗みをせず、どこまでも心をこめた真実を示すようにと、勧めなさい。そうすれば、彼らは万事につけ、わたしたちの救主なる神の教を飾ることになろう。" }, { "key": "Titus.2.11", "text": "すべての人を救う神の恵みが現れた。" }, { "key": "Titus.2.12", "text": "そして、わたしたちを導き、不信心とこの世の情欲とを捨てて、慎み深く、正しく、信心深くこの世で生活し、" }, { "key": "Titus.2.13", "text": "祝福に満ちた望み、すなわち、大いなる神、わたしたちの救主キリスト・イエスの栄光の出現を待ち望むようにと、教えている。" }, { "key": "Titus.2.14", "text": "このキリストが、わたしたちのためにご自身をささげられたのは、わたしたちをすべての不法からあがない出して、良いわざに熱心な選びの民を、ご自身のものとして聖別するためにほかならない。" }, { "key": "Titus.2.15", "text": "あなたは、権威をもってこれらのことを語り、勧め、また責めなさい。だれにも軽んじられてはならない。" }, { "key": "Titus.2.2", "text": "老人たちには自らを制し、謹厳で、慎み深くし、また、信仰と愛と忍耐とにおいて健全であるように勧め、" }, { "key": "Titus.2.3", "text": "年老いた女たちにも、同じように、たち居ふるまいをうやうやしくし、人をそしったり大酒の奴隷になったりせず、良いことを教える者となるように、勧めなさい。" }, { "key": "Titus.2.4", "text": "そうすれば、彼女たちは、若い女たちに、夫を愛し、子供を愛し、" }, { "key": "Titus.2.5", "text": "慎み深く、純潔で、家事に努め、善良で、自分の夫に従順であるように教えることになり、したがって、神の言がそしりを受けないようになるであろう。" }, { "key": "Titus.2.6", "text": "若い男にも、同じく、万事につけ慎み深くあるように、勧めなさい。" }, { "key": "Titus.2.7", "text": "あなた自身を良いわざの模範として示し、人を教える場合には、清廉と謹厳とをもってし、" }, { "key": "Titus.2.8", "text": "非難のない健全な言葉を用いなさい。そうすれば、反対者も、わたしたちについてなんの悪口も言えなくなり、自ら恥じいるであろう。" }, { "key": "Titus.2.9", "text": "奴隷には、万事につけその主人に服従して、喜ばれるようになり、反抗をせず、" }, { "key": "Titus.3.1", "text": "あなたは彼らに勧めて、支配者、権威ある者に服し、これに従い、いつでも良いわざをする用意があり、" }, { "key": "Titus.3.10", "text": "異端者は、一、二度、訓戒を加えた上で退けなさい。" }, { "key": "Titus.3.11", "text": "たしかに、こういう人たちは、邪道に陥り、自ら悪と知りつつも、罪を犯しているからである。" }, { "key": "Titus.3.12", "text": "わたしがアルテマスかテキコかをあなたのところに送ったなら、急いでニコポリにいるわたしの所にきなさい。わたしは、そこで冬を過ごすことにした。" }, { "key": "Titus.3.13", "text": "法学者ゼナスと、アポロとを、急いで旅につかせ、不自由のないようにしてあげなさい。" }, { "key": "Titus.3.14", "text": "わたしたちの仲間も、さし迫った必要に備えて、努めて良いわざを励み、実を結ばぬ者とならないように、心がけるべきである。" }, { "key": "Titus.3.15", "text": "わたしと共にいる一同の者から、あなたによろしく。わたしたちを愛している信徒たちに、よろしく。" }, { "key": "Titus.3.2", "text": "だれをもそしらず、争わず、寛容であって、すべての人に対してどこまでも柔和な態度を示すべきことを、思い出させなさい。" }, { "key": "Titus.3.3", "text": "わたしたちも以前には、無分別で、不従順な、迷っていた者であって、さまざまの情欲と快楽との奴隷になり、悪意とねたみとで日を過ごし、人に憎まれ、互に憎み合っていた。" }, { "key": "Titus.3.4", "text": "ところが、わたしたちの救主なる神の慈悲と博愛とが現れたとき、" }, { "key": "Titus.3.5", "text": "わたしたちの行った義のわざによってではなく、ただ神のあわれみによって、再生の洗いを受け、聖霊により新たにされて、わたしたちは救われたのである。" }, { "key": "Titus.3.6", "text": "この聖霊は、わたしたちの救主イエス・キリストをとおして、わたしたちの上に豊かに注がれた。" }, { "key": "Titus.3.7", "text": "これは、わたしたちが、キリストの恵みによって義とされ、永遠のいのちを望むことによって、御国をつぐ者となるためである。" }, { "key": "Titus.3.8", "text": "この言葉は確実である。わたしは、あなたがそれらのことを主張するのを願っている。それは、神を信じている者たちが、努めて良いわざを励むことを心がけるようになるためである。これは良いことであって、人々の益となる。" }, { "key": "Titus.3.9", "text": "しかし、愚かな議論と、系図と、争いと、律法についての論争とを、避けなさい。それらは無益かつ空虚なことである。" }]
